#,Filename,Lyr #1(nm),Al-Int(c/s),Err(c/s),Back(c/s),Back.Err,Al-At.%,Err(c/s).1,Si-Int(c/s),Err(c/s).2,Back(c/s).1,Back.Err.1,Si-At.%,Err(c/s).3,Ti-Int(c/s),Err(c/s).4,Back(c/s).2,Back.Err.2,Ti-At.%,Err(c/s).5,Ni-Int(c/s),Err(c/s).6,Back(c/s).3,Back.Err.3,Ni-At.%,Err(c/s).7,Comp(c/s),Rayl(c/s),LT(secs),Unnamed: 30,detector_index,sample_index,x,y
1,NiTiAl_101018_2_1_Rh_60s_50kV_100uAdet_1_0.txt,397.93699999999995,36.797,2.8510000000000004,6.452999999999999,0.32799999999999996,12.132,0.94,2256.613,21.195999999999998,5.686,0.308,100.0,0.0,1480.701,15.129000000000001,5.202000000000001,0.295,31.334,0.32,3926.68,24.656999999999996,27.245,0.674,56.534,0.355,0.0,0.0,59.974,,1.0,0.0,9.04,-31.64
2,NiTiAl_101018_2_1_Rh_60s_50kV_100uAdet_1_1.txt,401.376,37.553000000000004,2.887,6.92,0.34,12.187000000000001,0.937,2355.004,21.655,5.92,0.314,100.0,0.0,1673.121,16.078,4.953,0.287,36.338,0.349,3522.2270000000003,23.357,25.497,0.652,51.475,0.341,0.0,0.0,59.968999999999994,,1.0,1.0,4.52,-31.64
3,NiTiAl_101018_2_1_Rh_60s_50kV_100uAdet_1_10.txt,434.27,45.498000000000005,3.1430000000000002,6.718999999999999,0.335,13.732999999999999,0.9490000000000001,2527.5660000000003,22.43,5.8020000000000005,0.311,100.0,0.0,2149.049,18.218,5.702000000000001,0.308,46.663999999999994,0.396,2776.437,20.749000000000002,24.458000000000002,0.639,39.603,0.29600000000000004,0.0,0.0,59.98,,1.0,10.0,-4.52,-27.12
4,NiTiAl_101018_2_1_Rh_60s_50kV_100uAdet_1_100.txt,432.327,121.476,5.004,7.369,0.35100000000000003,34.975,1.4409999999999998,2443.895,22.057,6.269,0.32299999999999995,100.0,0.0,1086.404,12.964,4.902,0.28600000000000003,22.274,0.266,3094.474,21.901999999999997,25.991999999999997,0.6579999999999999,42.751000000000005,0.303,0.0,0.0,59.979,,1.0,100.0,13.56,4.52
5,NiTiAl_101018_2_1_Rh_60s_50kV_100uAdet_1_101.txt,437.07199999999995,124.10799999999999,5.053,7.235,0.34700000000000003,35.18,1.432,2506.89,22.337,6.417999999999999,0.327,100.0,0.0,1224.443,13.757,4.734,0.281,25.41,0.285,2840.829,20.989,25.820999999999998,0.6559999999999999,39.409,0.29100000000000004,0.0,0.0,59.989,,1.0,101.0,9.04,4.52
6,NiTiAl_101018_2_1_Rh_60s_50kV_100uAdet_1_102.txt,444.649,129.567,5.1579999999999995,7.152,0.345,35.867,1.4280000000000002,2584.504,22.68,6.002000000000001,0.316,100.0,0.0,1374.0020000000002,14.572000000000001,4.885,0.285,28.769000000000002,0.305,2549.964,19.893,25.058000000000003,0.6459999999999999,35.365,0.276,0.0,0.0,59.982,,1.0,102.0,4.52,4.52
7,NiTiAl_101018_2_1_Rh_60s_50kV_100uAdet_1_103.txt,451.458,131.387,5.2010000000000005,7.8020000000000005,0.361,35.701,1.413,2654.866,22.988000000000003,6.685,0.33399999999999996,100.0,0.0,1539.046,15.421,5.235,0.295,32.53,0.326,2288.607,18.855,25.04,0.6459999999999999,31.769000000000002,0.262,0.0,0.0,59.983999999999995,,1.0,103.0,-0.0,4.52
8,NiTiAl_101018_2_1_Rh_60s_50kV_100uAdet_1_104.txt,457.723,133.47899999999998,5.242999999999999,7.968,0.364,35.597,1.3980000000000001,2702.137,23.19,6.8839999999999995,0.33899999999999997,100.0,0.0,1699.675,16.203,5.251,0.29600000000000004,36.302,0.34600000000000003,2019.9089999999999,17.718,23.704,0.629,28.101,0.24600000000000002,0.0,0.0,59.99,,1.0,104.0,-4.52,4.52
9,NiTiAl_101018_2_1_Rh_60s_50kV_100uAdet_1_105.txt,458.875,127.053,5.117,7.8020000000000005,0.361,33.762,1.36,2806.5409999999997,23.633000000000003,6.585,0.331,100.0,0.0,1880.705,17.042,5.367999999999999,0.299,40.891999999999996,0.371,1801.9270000000001,16.745,23.588,0.627,25.346,0.23600000000000002,0.0,0.0,59.988,,1.0,105.0,-9.04,4.52
10,NiTiAl_101018_2_1_Rh_60s_50kV_100uAdet_1_106.txt,468.865,128.142,5.141,8.067,0.36700000000000005,33.321,1.337,2851.784,23.819000000000003,6.683,0.33399999999999996,100.0,0.0,2051.157,17.795,5.483,0.302,44.585,0.387,1581.6779999999999,15.699000000000002,23.55,0.626,22.094,0.21899999999999997,0.0,0.0,60.001000000000005,,1.0,106.0,-13.56,4.52
11,NiTiAl_101018_2_1_Rh_60s_50kV_100uAdet_1_107.txt,469.25800000000004,121.37899999999999,5.01,8.103,0.368,31.49,1.3,2922.1040000000003,24.118000000000002,6.836,0.33799999999999997,100.0,0.0,2216.355,18.500999999999998,5.652,0.307,48.998999999999995,0.409,1380.7279999999998,14.682,22.993000000000002,0.619,19.51,0.207,0.0,0.0,59.975,,1.0,107.0,-18.08,4.52
12,NiTiAl_101018_2_1_Rh_60s_50kV_100uAdet_1_108.txt,467.463,113.258,4.843,7.95,0.364,29.462,1.26,2961.995,24.276,6.834,0.337,100.0,0.0,2367.391,19.115,5.484,0.302,53.428000000000004,0.431,1191.588,13.652999999999999,23.235,0.622,17.11,0.196,0.0,0.0,59.997,,1.0,108.0,-22.6,4.52
13,NiTiAl_101018_2_1_Rh_60s_50kV_100uAdet_1_109.txt,475.28,111.656,4.805,7.585,0.35600000000000004,28.615,1.2309999999999999,3017.961,24.505,6.417999999999999,0.327,100.0,0.0,2512.476,19.694000000000003,6.101,0.319,56.566,0.44299999999999995,1038.29,12.757,22.354,0.61,14.819,0.182,0.0,0.0,59.989,,1.0,109.0,-27.12,4.52
14,NiTiAl_101018_2_1_Rh_60s_50kV_100uAdet_1_11.txt,447.32199999999995,47.852,3.208,6.351,0.325,14.011,0.9390000000000001,2607.926,22.781,5.768,0.31,100.0,0.0,2372.008,19.136,5.801,0.311,51.766999999999996,0.418,2412.478,19.349,24.005,0.633,34.222,0.27399999999999997,0.0,0.0,59.988,,1.0,11.0,-9.04,-27.12
15,NiTiAl_101018_2_1_Rh_60s_50kV_100uAdet_1_110.txt,472.686,101.79299999999999,4.6080000000000005,8.238,0.371,26.228,1.187,3099.14,24.84,7.071000000000001,0.34299999999999997,100.0,0.0,2652.616,20.238,5.5360000000000005,0.304,60.73,0.46299999999999997,901.077,11.902999999999999,22.329,0.61,13.042,0.172,0.0,0.0,59.967,,1.0,110.0,-31.64,4.52
16,NiTiAl_101018_2_1_Rh_60s_50kV_100uAdet_1_111.txt,386.93300000000005,107.17200000000001,4.715,7.586,0.35600000000000004,33.75,1.485,2362.159,21.686999999999998,6.369,0.326,100.0,0.0,580.059,9.481,3.818,0.252,12.24,0.2,3695.514,23.927,28.261,0.6859999999999999,54.01,0.35,0.0,0.0,59.977,,1.0,111.0,31.64,9.04
17,NiTiAl_101018_2_1_Rh_60s_50kV_100uAdet_1_112.txt,401.088,116.02799999999999,4.887,6.8839999999999995,0.33899999999999997,35.419000000000004,1.492,2386.596,21.793000000000003,5.817,0.311,100.0,0.0,679.913,10.261,4.101,0.261,14.179,0.214,3515.297,23.334,27.32,0.675,50.402,0.335,0.0,0.0,59.992,,1.0,112.0,27.12,9.04
18,NiTiAl_101018_2_1_Rh_60s_50kV_100uAdet_1_113.txt,415.37800000000004,126.59700000000001,5.103,7.218999999999999,0.34700000000000003,37.33,1.505,2421.522,21.955,6.218999999999999,0.322,100.0,0.0,783.125,11.009,4.101,0.261,16.156,0.22699999999999998,3305.344,22.629,25.941,0.6579999999999999,46.513000000000005,0.318,0.0,0.0,59.982,,1.0,113.0,22.6,9.04
19,NiTiAl_101018_2_1_Rh_60s_50kV_100uAdet_1_114.txt,419.278,131.279,5.1979999999999995,7.521,0.354,38.137,1.51,2472.279,22.189,6.57,0.331,100.0,0.0,890.188,11.738,4.319,0.268,18.602,0.245,3057.7690000000002,21.775,25.998,0.6579999999999999,43.261,0.308,0.0,0.0,59.967,,1.0,114.0,18.08,9.04
20,NiTiAl_101018_2_1_Rh_60s_50kV_100uAdet_1_115.txt,430.29699999999997,138.469,5.332999999999999,7.586,0.35600000000000004,39.158,1.508,2532.812,22.456,6.502000000000001,0.32899999999999996,100.0,0.0,1013.448,12.52,4.302,0.268,21.135,0.261,2834.955,20.973000000000003,26.81,0.669,39.705999999999996,0.294,0.0,0.0,59.977,,1.0,115.0,13.56,9.04
21,NiTiAl_101018_2_1_Rh_60s_50kV_100uAdet_1_116.txt,434.87699999999995,142.52100000000002,5.415,8.236,0.371,39.579,1.504,2583.481,22.679000000000002,7.0360000000000005,0.342,100.0,0.0,1152.0639999999999,13.345999999999998,4.635,0.278,24.345,0.282,2564.167,19.951,26.075,0.659,36.076,0.281,0.0,0.0,59.981,,1.0,116.0,9.04,9.04
22,NiTiAl_101018_2_1_Rh_60s_50kV_100uAdet_1_117.txt,445.324,148.424,5.515,7.7010000000000005,0.358,40.163000000000004,1.492,2663.328,23.022,6.584,0.331,100.0,0.0,1293.475,14.138,4.817,0.28300000000000003,27.340999999999998,0.299,2328.46,19.012999999999998,24.651999999999997,0.6409999999999999,32.496,0.265,0.0,0.0,59.994,,1.0,117.0,4.52,9.04
23,NiTiAl_101018_2_1_Rh_60s_50kV_100uAdet_1_118.txt,453.536,153.145,5.599,7.733,0.359,40.522,1.4809999999999999,2709.532,23.218000000000004,6.516,0.33,100.0,0.0,1434.078,14.884,4.9830000000000005,0.28800000000000003,30.456999999999997,0.316,2086.206,18.006,24.949,0.645,29.021,0.25,0.0,0.0,60.001999999999995,,1.0,118.0,-0.0,9.04
24,NiTiAl_101018_2_1_Rh_60s_50kV_100uAdet_1_119.txt,452.731,148.398,5.517,8.015,0.365,39.196,1.4569999999999999,2775.2670000000003,23.496,6.882000000000001,0.33899999999999997,100.0,0.0,1588.921,15.662,4.6819999999999995,0.27899999999999997,34.498000000000005,0.34,1862.7120000000002,17.017,23.345,0.624,26.307,0.24,0.0,0.0,60.012,,1.0,119.0,-4.52,9.04
25,NiTiAl_101018_2_1_Rh_60s_50kV_100uAdet_1_12.txt,457.634,46.225,3.17,6.935,0.34,13.229000000000001,0.907,2681.204,23.1,5.952000000000001,0.315,100.0,0.0,2597.846,20.028,6.468999999999999,0.32799999999999996,57.09,0.44,2096.594,18.051,24.024,0.633,29.68,0.256,0.0,0.0,59.982,,1.0,12.0,-13.56,-27.12
26,NiTiAl_101018_2_1_Rh_60s_50kV_100uAdet_1_120.txt,458.814,147.305,5.495,7.801,0.361,38.345,1.43,2828.34,23.724,6.767,0.336,100.0,0.0,1754.7060000000001,16.462,5.251,0.29600000000000004,38.388000000000005,0.36,1646.461,16.012,23.069000000000003,0.62,23.267,0.226,0.0,0.0,59.994,,1.0,120.0,-9.04,9.04
27,NiTiAl_101018_2_1_Rh_60s_50kV_100uAdet_1_121.txt,463.05,144.683,5.456,8.37,0.374,37.27,1.405,2909.325,24.066,7.136,0.345,100.0,0.0,1910.4289999999999,17.177,5.069,0.29100000000000004,42.181999999999995,0.379,1449.1879999999999,15.037,23.125999999999998,0.621,20.548000000000002,0.213,0.0,0.0,59.975,,1.0,121.0,-13.56,9.04
28,NiTiAl_101018_2_1_Rh_60s_50kV_100uAdet_1_122.txt,461.756,138.82399999999998,5.3389999999999995,7.72,0.359,35.734,1.374,2946.429,24.218000000000004,6.7860000000000005,0.336,100.0,0.0,2049.906,17.793,5.285,0.297,46.086999999999996,0.4,1265.397,14.062999999999999,22.642,0.614,18.18,0.20199999999999999,0.0,0.0,59.977,,1.0,122.0,-18.08,9.04
29,NiTiAl_101018_2_1_Rh_60s_50kV_100uAdet_1_123.txt,464.528,132.923,5.23,7.933,0.364,34.080999999999996,1.341,3018.801,24.506,6.8,0.337,100.0,0.0,2197.001,18.416,5.9,0.314,49.842,0.418,1113.488,13.202,22.666,0.615,16.077,0.191,0.0,0.0,60.001000000000005,,1.0,123.0,-22.6,9.04
30,NiTiAl_101018_2_1_Rh_60s_50kV_100uAdet_1_124.txt,465.449,125.37799999999999,5.09,8.335,0.373,32.131,1.304,3100.958,24.842,7.185,0.34600000000000003,100.0,0.0,2342.272,19.016,5.568,0.305,53.743,0.436,970.663,12.342,22.189,0.608,14.125,0.18,0.0,0.0,59.985,,1.0,124.0,-27.12,9.04
31,NiTiAl_101018_2_1_Rh_60s_50kV_100uAdet_1_125.txt,458.171,115.546,4.887,7.785,0.36,30.011999999999997,1.2690000000000001,3167.345,25.104,6.601,0.332,100.0,0.0,2440.047,19.408,5.785,0.311,57.474,0.457,839.789,11.491,21.255,0.595,12.514000000000001,0.171,0.0,0.0,59.986999999999995,,1.0,125.0,-31.64,9.04
32,NiTiAl_101018_2_1_Rh_60s_50kV_100uAdet_1_126.txt,396.01800000000003,133.387,5.232,7.119,0.345,40.054,1.571,2515.839,22.378,5.952000000000001,0.315,100.0,0.0,631.5509999999999,9.891,3.985,0.258,13.57,0.213,3154.163,22.108,25.293000000000003,0.649,46.376000000000005,0.325,0.0,0.0,59.978,,1.0,126.0,27.12,13.56
33,NiTiAl_101018_2_1_Rh_60s_50kV_100uAdet_1_127.txt,412.142,145.071,5.452000000000001,7.5489999999999995,0.355,41.956,1.577,2523.099,22.405,6.266,0.32299999999999995,100.0,0.0,737.163,10.679,3.866,0.254,15.615,0.226,2952.1890000000003,21.389,25.298000000000002,0.649,42.428999999999995,0.307,0.0,0.0,60.004,,1.0,127.0,22.6,13.56
34,NiTiAl_101018_2_1_Rh_60s_50kV_100uAdet_1_128.txt,423.77,153.93200000000002,5.61,7.434,0.35200000000000004,43.272,1.577,2566.792,22.6,6.3839999999999995,0.326,100.0,0.0,830.405,11.334000000000001,4.184,0.264,17.465,0.23800000000000002,2770.966,20.729,25.701,0.655,39.263000000000005,0.294,0.0,0.0,59.997,,1.0,128.0,18.08,13.56
35,NiTiAl_101018_2_1_Rh_60s_50kV_100uAdet_1_129.txt,433.519,162.81799999999998,5.774,8.151,0.369,44.565,1.58,2607.577,22.781,7.101,0.344,100.0,0.0,937.957,12.044,4.25,0.266,19.749000000000002,0.254,2536.251,19.84,25.719,0.655,35.685,0.27899999999999997,0.0,0.0,59.995,,1.0,129.0,13.56,13.56
36,NiTiAl_101018_2_1_Rh_60s_50kV_100uAdet_1_13.txt,465.036,45.563,3.159,7.32,0.349,12.782,0.8859999999999999,2732.7659999999996,23.323,6.319,0.325,100.0,0.0,2784.966,20.736,6.386,0.326,61.81100000000001,0.46,1790.4579999999999,16.695,23.709,0.629,25.406999999999996,0.237,0.0,0.0,59.976000000000006,,1.0,13.0,-18.08,-27.12
37,NiTiAl_101018_2_1_Rh_60s_50kV_100uAdet_1_130.txt,439.409,166.755,5.8389999999999995,7.937,0.364,44.808,1.569,2639.074,22.923000000000002,6.803,0.337,100.0,0.0,1071.526,12.870999999999999,4.102,0.262,22.764,0.273,2302.905,18.915,25.094,0.647,32.428000000000004,0.266,0.0,0.0,59.974,,1.0,130.0,9.04,13.56
38,NiTiAl_101018_2_1_Rh_60s_50kV_100uAdet_1_131.txt,442.49300000000005,168.368,5.867999999999999,8.184,0.369,44.708999999999996,1.558,2714.9109999999996,23.244,6.818,0.337,100.0,0.0,1189.705,13.561,4.734,0.281,25.573,0.292,2100.0679999999998,18.065,24.303,0.636,29.717,0.256,0.0,0.0,59.992,,1.0,131.0,4.52,13.56
39,NiTiAl_101018_2_1_Rh_60s_50kV_100uAdet_1_132.txt,453.781,174.097,5.962999999999999,8.231,0.37,45.016000000000005,1.5419999999999998,2753.367,23.403000000000002,6.9479999999999995,0.34,100.0,0.0,1329.817,14.331,4.649,0.278,28.488000000000003,0.307,1893.214,17.16,24.811,0.643,26.496,0.24,0.0,0.0,60.013999999999996,,1.0,132.0,-0.0,13.56
40,NiTiAl_101018_2_1_Rh_60s_50kV_100uAdet_1_133.txt,456.63,173.071,5.947,8.168,0.369,44.317,1.5230000000000001,2819.196,23.686999999999998,6.917999999999999,0.34,100.0,0.0,1469.2579999999998,15.065999999999999,4.801,0.28300000000000003,31.873,0.327,1691.181,16.229,23.737,0.629,23.81,0.228,0.0,0.0,59.99,,1.0,133.0,-4.52,13.56
41,NiTiAl_101018_2_1_Rh_60s_50kV_100uAdet_1_134.txt,458.647,169.113,5.882999999999999,8.401,0.374,43.058,1.4980000000000002,2893.978,23.998,7.151,0.345,100.0,0.0,1619.825,15.815,4.6,0.27699999999999997,35.613,0.348,1503.808,15.312999999999999,23.469,0.625,21.329,0.217,0.0,0.0,59.994,,1.0,134.0,-9.04,13.56
42,NiTiAl_101018_2_1_Rh_60s_50kV_100uAdet_1_135.txt,462.51599999999996,166.261,5.835,8.402999999999999,0.374,41.958999999999996,1.473,2962.303,24.281999999999996,7.102,0.344,100.0,0.0,1762.391,16.499000000000002,5.102,0.292,39.053000000000004,0.366,1335.245,14.440999999999999,22.906999999999996,0.618,18.987000000000002,0.205,0.0,0.0,59.981,,1.0,135.0,-13.56,13.56
43,NiTiAl_101018_2_1_Rh_60s_50kV_100uAdet_1_136.txt,457.522,156.549,5.667000000000001,8.386000000000001,0.374,39.813,1.4409999999999998,3031.5440000000003,24.564,7.269,0.348,100.0,0.0,1902.66,17.141,4.968,0.28800000000000003,43.196000000000005,0.389,1171.432,13.540999999999999,23.223000000000003,0.622,16.991,0.196,0.0,0.0,59.983000000000004,,1.0,136.0,-18.08,13.56
44,NiTiAl_101018_2_1_Rh_60s_50kV_100uAdet_1_137.txt,455.352,148.045,5.519,8.669,0.38,37.823,1.41,3078.545,24.755,7.486000000000001,0.353,100.0,0.0,2036.658,17.735,5.518,0.303,47.071999999999996,0.41,1026.803,12.687999999999999,22.256999999999998,0.609,15.105,0.187,0.0,0.0,59.981,,1.0,137.0,-22.6,13.56
45,NiTiAl_101018_2_1_Rh_60s_50kV_100uAdet_1_138.txt,455.54400000000004,142.29399999999998,5.414,8.783,0.38299999999999995,36.341,1.383,3153.2340000000004,25.046,7.699,0.358,100.0,0.0,2152.0589999999997,18.225,5.5,0.303,50.281000000000006,0.426,902.319,11.907,22.348000000000003,0.61,13.378,0.177,0.0,0.0,60.005,,1.0,138.0,-27.12,13.56
46,NiTiAl_101018_2_1_Rh_60s_50kV_100uAdet_1_139.txt,392.39,152.714,5.593,7.688,0.358,44.988,1.6480000000000001,2657.406,23.003,6.454,0.32799999999999996,100.0,0.0,589.039,9.555,3.802,0.252,13.040999999999999,0.212,2786.5890000000004,20.793000000000003,25.715,0.655,41.971000000000004,0.313,0.0,0.0,59.966,,1.0,139.0,27.12,18.08
47,NiTiAl_101018_2_1_Rh_60s_50kV_100uAdet_1_14.txt,403.475,40.181,2.9619999999999997,6.319,0.325,13.482999999999999,0.9940000000000001,1907.4589999999998,19.489,5.319,0.298,100.0,0.0,968.6089999999999,12.242,4.585,0.27699999999999997,18.633,0.23600000000000002,5051.499,27.953000000000003,29.363000000000003,0.7,67.884,0.376,0.0,0.0,59.974,,1.0,14.0,22.6,-22.6
48,NiTiAl_101018_2_1_Rh_60s_50kV_100uAdet_1_140.txt,410.17800000000005,164.54,5.803999999999999,8.366,0.373,46.638000000000005,1.645,2639.013,22.915,7.149,0.345,100.0,0.0,673.7810000000001,10.212,3.966,0.257,14.579,0.221,2653.6259999999997,20.285,24.964000000000002,0.645,38.784,0.29600000000000004,0.0,0.0,60.007,,1.0,140.0,22.6,18.08
49,NiTiAl_101018_2_1_Rh_60s_50kV_100uAdet_1_141.txt,421.033,173.739,5.961,8.434,0.375,47.871,1.642,2664.1,23.026,7.117000000000001,0.344,100.0,0.0,767.962,10.9,3.967,0.257,16.532,0.235,2466.469,19.565,25.235,0.649,35.597,0.282,0.0,0.0,59.996,,1.0,141.0,18.08,18.08
50,NiTiAl_101018_2_1_Rh_60s_50kV_100uAdet_1_142.txt,438.407,186.01,6.155,7.784,0.36,49.251999999999995,1.63,2692.281,23.145,6.367000000000001,0.326,100.0,0.0,881.315,11.672,3.667,0.247,18.647000000000002,0.247,2281.756,18.820999999999998,24.066999999999997,0.633,32.1,0.265,0.0,0.0,59.998000000000005,,1.0,142.0,13.56,18.08
51,NiTiAl_101018_2_1_Rh_60s_50kV_100uAdet_1_143.txt,447.49199999999996,191.59799999999998,6.244,7.505,0.354,49.577,1.6159999999999999,2748.9970000000003,23.396,6.437,0.32799999999999996,100.0,0.0,995.9169999999999,12.412,4.119,0.262,21.02,0.262,2109.652,18.112000000000002,24.682,0.642,29.403000000000002,0.252,0.0,0.0,59.963,,1.0,143.0,9.04,18.08
52,NiTiAl_101018_2_1_Rh_60s_50kV_100uAdet_1_144.txt,445.775,191.949,6.257999999999999,8.484,0.376,49.458,1.6119999999999999,2759.498,23.435,7.301,0.349,100.0,0.0,1098.673,13.034,4.667,0.27899999999999997,23.706,0.281,1895.8629999999998,17.172,23.903000000000002,0.631,26.836,0.243,0.0,0.0,59.992,,1.0,144.0,4.52,18.08
53,NiTiAl_101018_2_1_Rh_60s_50kV_100uAdet_1_145.txt,456.48900000000003,197.467,6.335,7.7170000000000005,0.359,49.625,1.5919999999999999,2823.875,23.703000000000003,6.7170000000000005,0.335,100.0,0.0,1224.9389999999999,13.757,4.5,0.27399999999999997,26.304000000000002,0.295,1720.389,16.363,23.25,0.622,24.072,0.22899999999999998,0.0,0.0,60.0,,1.0,145.0,-0.0,18.08
54,NiTiAl_101018_2_1_Rh_60s_50kV_100uAdet_1_146.txt,456.44199999999995,194.03599999999997,6.296,9.019,0.38799999999999996,48.599,1.577,2895.151,24.006999999999998,7.819,0.361,100.0,0.0,1356.4720000000002,14.477,4.434,0.272,29.616999999999997,0.316,1540.2379999999998,15.501,24.555999999999997,0.64,21.784000000000002,0.21899999999999997,0.0,0.0,59.985,,1.0,146.0,-4.52,18.08
55,NiTiAl_101018_2_1_Rh_60s_50kV_100uAdet_1_147.txt,457.05400000000003,189.873,6.229,9.017000000000001,0.38799999999999996,47.403999999999996,1.555,2939.835,24.188000000000002,7.6339999999999995,0.35700000000000004,100.0,0.0,1488.695,15.163,4.684,0.27899999999999997,32.969,0.336,1375.4820000000002,14.655,23.701,0.629,19.627,0.209,0.0,0.0,59.997,,1.0,147.0,-9.04,18.08
56,NiTiAl_101018_2_1_Rh_60s_50kV_100uAdet_1_148.txt,461.134,187.34400000000002,6.192,9.218,0.392,46.349,1.5319999999999998,3020.408,24.518,7.768,0.36,100.0,0.0,1623.891,15.835999999999999,4.667,0.27899999999999997,36.188,0.353,1222.221,13.823,22.836,0.617,17.463,0.198,0.0,0.0,59.992,,1.0,148.0,-13.56,18.08
57,NiTiAl_101018_2_1_Rh_60s_50kV_100uAdet_1_149.txt,451.656,176.114,6.006,8.887,0.385,44.208999999999996,1.508,3101.133,24.846,7.42,0.35200000000000004,100.0,0.0,1739.7920000000001,16.394000000000002,5.035,0.29,39.945,0.376,1080.345,13.01,22.459,0.612,15.845999999999998,0.191,0.0,0.0,59.977,,1.0,149.0,-18.08,18.08
58,NiTiAl_101018_2_1_Rh_60s_50kV_100uAdet_1_15.txt,414.31199999999995,45.045,3.1180000000000003,6.251,0.32299999999999995,14.72,1.0190000000000001,2010.549,20.005,5.4510000000000005,0.301,100.0,0.0,1140.799,13.284,5.417999999999999,0.301,22.046,0.257,4726.789000000001,27.041999999999998,29.789,0.705,63.233999999999995,0.36200000000000004,0.0,0.0,59.989,,1.0,15.0,18.08,-22.6
59,NiTiAl_101018_2_1_Rh_60s_50kV_100uAdet_1_150.txt,447.048,165.55200000000002,5.824,8.667,0.38,42.11,1.4809999999999999,3168.797,25.11,7.301,0.349,100.0,0.0,1856.045,16.929000000000002,5.25,0.29600000000000004,43.696999999999996,0.39899999999999997,946.9580000000001,12.193,22.502,0.612,14.193,0.183,0.0,0.0,59.995,,1.0,150.0,-22.6,18.08
60,NiTiAl_101018_2_1_Rh_60s_50kV_100uAdet_1_151.txt,439.89300000000003,157.20600000000002,5.678999999999999,8.452,0.375,40.478,1.462,3205.953,25.259,7.152,0.345,100.0,0.0,1943.1370000000002,17.320999999999998,4.8180000000000005,0.28300000000000003,46.953,0.419,819.341,11.353,21.139,0.594,12.569,0.174,0.0,0.0,59.983000000000004,,1.0,151.0,-27.12,18.08
61,NiTiAl_101018_2_1_Rh_60s_50kV_100uAdet_1_152.txt,408.038,184.555,6.1370000000000005,8.286,0.37200000000000005,51.178999999999995,1.702,2762.09,23.448,7.119,0.344,100.0,0.0,626.939,9.853,3.6510000000000002,0.247,13.878,0.218,2349.889,19.102,24.69,0.642,34.943000000000005,0.284,0.0,0.0,59.983999999999995,,1.0,152.0,22.6,22.6
62,NiTiAl_101018_2_1_Rh_60s_50kV_100uAdet_1_153.txt,424.675,196.699,6.329,8.02,0.366,52.492,1.689,2788.757,23.561999999999998,6.653,0.33299999999999996,100.0,0.0,719.528,10.552999999999999,3.685,0.248,15.620999999999999,0.22899999999999998,2202.8179999999998,18.500999999999998,24.677,0.6409999999999999,31.888,0.268,0.0,0.0,59.976000000000006,,1.0,153.0,18.08,22.6
63,NiTiAl_101018_2_1_Rh_60s_50kV_100uAdet_1_154.txt,434.57800000000003,205.957,6.487,9.404,0.396,53.50899999999999,1.685,2786.555,23.557,8.187000000000001,0.369,100.0,0.0,803.4910000000001,11.152000000000001,4.102,0.262,17.36,0.24100000000000002,2035.766,17.793,24.56,0.64,29.131,0.255,0.0,0.0,59.975,,1.0,154.0,13.56,22.6
64,NiTiAl_101018_2_1_Rh_60s_50kV_100uAdet_1_155.txt,445.62199999999996,214.41400000000002,6.605,8.517999999999999,0.377,54.159,1.6680000000000001,2800.2929999999997,23.608,7.135,0.345,100.0,0.0,910.432,11.865,3.917,0.256,19.557000000000002,0.255,1860.901,17.015,23.886999999999997,0.631,26.284000000000002,0.24,0.0,0.0,59.99,,1.0,155.0,9.04,22.6
65,NiTiAl_101018_2_1_Rh_60s_50kV_100uAdet_1_156.txt,456.004,220.334,6.687,7.687,0.358,54.345,1.649,2847.026,23.808000000000003,6.702999999999999,0.33399999999999996,100.0,0.0,1016.18,12.536,4.052,0.26,21.680999999999997,0.267,1719.237,16.361,22.795,0.617,23.974,0.228,0.0,0.0,59.968999999999994,,1.0,156.0,4.52,22.6
66,NiTiAl_101018_2_1_Rh_60s_50kV_100uAdet_1_157.txt,455.778,219.657,6.685,8.686,0.381,53.885,1.64,2892.062,23.995,7.5520000000000005,0.355,100.0,0.0,1123.537,13.177999999999999,4.118,0.262,24.36,0.28600000000000003,1544.017,15.517000000000001,23.791,0.63,21.754,0.21899999999999997,0.0,0.0,59.981,,1.0,157.0,-0.0,22.6
67,NiTiAl_101018_2_1_Rh_60s_50kV_100uAdet_1_158.txt,462.288,222.18,6.721,8.568999999999999,0.37799999999999995,53.61600000000001,1.6219999999999999,2946.475,24.215999999999998,7.252000000000001,0.348,100.0,0.0,1235.671,13.819,4.434,0.272,26.819000000000003,0.3,1394.8339999999998,14.754000000000001,22.971999999999998,0.619,19.565,0.207,0.0,0.0,59.986999999999995,,1.0,158.0,-4.52,22.6
68,NiTiAl_101018_2_1_Rh_60s_50kV_100uAdet_1_159.txt,458.648,215.449,6.624,9.017999999999999,0.38799999999999996,52.256,1.607,3012.5,24.485,7.551,0.355,100.0,0.0,1351.4189999999999,14.45,4.65,0.278,29.953000000000003,0.32,1247.652,13.965,22.969,0.619,17.791,0.19899999999999998,0.0,0.0,59.994,,1.0,159.0,-9.04,22.6
69,NiTiAl_101018_2_1_Rh_60s_50kV_100uAdet_1_16.txt,412.63699999999994,44.583999999999996,3.1069999999999998,6.403,0.327,14.458,1.008,2117.3089999999997,20.534000000000002,5.686,0.308,100.0,0.0,1316.489,14.267999999999999,5.202999999999999,0.295,26.271,0.285,4329.782999999999,25.885,26.881,0.67,59.271,0.354,0.0,0.0,59.968,,1.0,16.0,13.56,-22.6
70,NiTiAl_101018_2_1_Rh_60s_50kV_100uAdet_1_160.txt,455.398,207.34400000000002,6.501,8.869,0.385,50.586000000000006,1.5859999999999999,3085.6020000000003,24.781999999999996,7.468999999999999,0.353,100.0,0.0,1474.355,15.092,4.668,0.27899999999999997,33.32,0.341,1111.386,13.194,22.855999999999998,0.617,16.093,0.191,0.0,0.0,59.983000000000004,,1.0,160.0,-13.56,22.6
71,NiTiAl_101018_2_1_Rh_60s_50kV_100uAdet_1_161.txt,451.569,199.10299999999998,6.382999999999999,9.883,0.406,48.96,1.57,3159.145,25.072,8.499,0.376,100.0,0.0,1582.6370000000002,15.633,4.833,0.284,36.49,0.36,988.37,12.452,22.631,0.614,14.55,0.183,0.0,0.0,60.005,,1.0,161.0,-18.08,22.6
72,NiTiAl_101018_2_1_Rh_60s_50kV_100uAdet_1_162.txt,438.436,183.895,6.136,9.105,0.39,46.445,1.55,3256.055,25.461,7.671,0.358,100.0,0.0,1683.915,16.129,4.686,0.28,40.374,0.387,863.4639999999999,11.658,22.595,0.614,13.18,0.17800000000000002,0.0,0.0,59.97,,1.0,162.0,-22.6,22.6
73,NiTiAl_101018_2_1_Rh_60s_50kV_100uAdet_1_163.txt,416.289,215.56,6.626,8.952,0.386,56.803999999999995,1.746,2878.8109999999997,23.938000000000002,7.502000000000001,0.354,100.0,0.0,647.716,10.011000000000001,3.4010000000000002,0.23800000000000002,14.543,0.225,1922.59,17.293,24.255,0.636,28.653000000000002,0.258,0.0,0.0,59.986999999999995,,1.0,163.0,18.08,27.12
74,NiTiAl_101018_2_1_Rh_60s_50kV_100uAdet_1_164.txt,435.68699999999995,231.465,6.859,8.966000000000001,0.387,58.251999999999995,1.726,2864.821,23.875,7.466,0.353,100.0,0.0,731.673,10.639000000000001,3.8160000000000003,0.252,16.000999999999998,0.233,1786.6670000000001,16.675,24.281,0.636,25.747,0.24,0.0,0.0,60.005,,1.0,164.0,13.56,27.12
75,NiTiAl_101018_2_1_Rh_60s_50kV_100uAdet_1_165.txt,444.76800000000003,236.395,6.934,9.465,0.397,58.26,1.709,2886.117,23.963,7.932,0.364,100.0,0.0,827.677,11.311,3.616,0.245,17.992,0.24600000000000002,1667.1589999999999,16.112000000000002,24.045,0.633,23.748,0.23,0.0,0.0,60.012,,1.0,165.0,9.04,27.12
76,NiTiAl_101018_2_1_Rh_60s_50kV_100uAdet_1_166.txt,447.164,239.202,6.9670000000000005,8.666,0.38,58.292,1.6980000000000002,2908.4790000000003,24.054000000000002,7.149,0.345,100.0,0.0,912.805,11.88,4.25,0.266,20.018,0.261,1517.51,15.379000000000001,23.364,0.624,21.69,0.22,0.0,0.0,60.007,,1.0,166.0,4.52,27.12
77,NiTiAl_101018_2_1_Rh_60s_50kV_100uAdet_1_167.txt,452.999,240.477,6.996,9.668,0.401,57.754,1.68,2968.074,24.307,8.185,0.369,100.0,0.0,1031.981,12.630999999999998,4.234,0.266,22.691,0.278,1372.543,14.64,23.521,0.626,19.555,0.209,0.0,0.0,59.989,,1.0,167.0,-0.0,27.12
78,NiTiAl_101018_2_1_Rh_60s_50kV_100uAdet_1_168.txt,454.51599999999996,239.49599999999998,6.976,9.052,0.38799999999999996,57.162,1.665,3010.2140000000004,24.478,7.502000000000001,0.354,100.0,0.0,1126.985,13.198,4.168,0.264,25.000999999999998,0.293,1246.368,13.960999999999999,23.49,0.626,17.837,0.2,0.0,0.0,59.983999999999995,,1.0,168.0,-4.52,27.12
79,NiTiAl_101018_2_1_Rh_60s_50kV_100uAdet_1_169.txt,452.783,236.275,6.9270000000000005,8.751,0.382,56.376999999999995,1.653,3070.487,24.718000000000004,7.251,0.348,100.0,0.0,1221.103,13.735999999999999,4.45,0.272,27.525,0.31,1111.743,13.195,23.101999999999997,0.621,16.098,0.191,0.0,0.0,59.994,,1.0,169.0,-9.04,27.12
80,NiTiAl_101018_2_1_Rh_60s_50kV_100uAdet_1_17.txt,418.931,48.244,3.228,6.718,0.335,15.312999999999999,1.025,2221.502,21.028000000000002,5.867999999999999,0.313,100.0,0.0,1494.5420000000001,15.197000000000001,5.251,0.29600000000000004,30.358,0.309,3939.022,24.691999999999997,27.171999999999997,0.6729999999999999,54.32899999999999,0.341,0.0,0.0,59.989,,1.0,17.0,9.04,-22.6
81,NiTiAl_101018_2_1_Rh_60s_50kV_100uAdet_1_170.txt,442.995,226.97799999999998,6.8020000000000005,9.67,0.402,55.05,1.65,3123.26,24.936,8.103,0.368,100.0,0.0,1303.001,14.190999999999999,4.502,0.27399999999999997,30.324,0.33,981.64,12.412,22.475,0.612,14.626,0.185,0.0,0.0,59.979,,1.0,170.0,-13.56,27.12
82,NiTiAl_101018_2_1_Rh_60s_50kV_100uAdet_1_171.txt,434.44599999999997,218.622,6.6739999999999995,9.334,0.39399999999999996,53.593,1.636,3201.3179999999998,25.24,8.084,0.36700000000000005,100.0,0.0,1390.17,14.654000000000002,4.434,0.272,33.132,0.349,872.5169999999999,11.710999999999999,21.785999999999998,0.603,13.274000000000001,0.17800000000000002,0.0,0.0,59.994,,1.0,171.0,-18.08,27.12
83,NiTiAl_101018_2_1_Rh_60s_50kV_100uAdet_1_172.txt,443.056,259.89099999999996,7.267,9.637,0.401,62.64,1.751,2991.09,24.404,8.286,0.37200000000000005,100.0,0.0,745.325,10.739,3.635,0.24600000000000002,16.455,0.237,1451.305,15.05,23.775,0.63,20.905,0.217,0.0,0.0,59.979,,1.0,172.0,9.04,31.64
84,NiTiAl_101018_2_1_Rh_60s_50kV_100uAdet_1_173.txt,453.287,267.02099999999996,7.356,9.05,0.38799999999999996,63.019,1.736,3000.21,24.433000000000003,7.683,0.358,100.0,0.0,826.118,11.302,3.767,0.251,18.074,0.247,1331.559,14.42,23.383000000000003,0.624,18.907,0.205,0.0,0.0,60.001000000000005,,1.0,173.0,4.52,31.64
85,NiTiAl_101018_2_1_Rh_60s_50kV_100uAdet_1_174.txt,457.366,267.531,7.376,10.253,0.413,62.591,1.726,3031.386,24.568,8.736,0.382,100.0,0.0,916.497,11.908,4.401,0.271,20.108,0.261,1220.47,13.82,23.791,0.63,17.301,0.196,0.0,0.0,59.98,,1.0,174.0,-0.0,31.64
86,NiTiAl_101018_2_1_Rh_60s_50kV_100uAdet_1_175.txt,455.445,264.874,7.329,9.349,0.395,62.038999999999994,1.7169999999999999,3077.3520000000003,24.744,7.8660000000000005,0.36200000000000004,100.0,0.0,996.7439999999999,12.412,4.1,0.261,22.2,0.276,1099.644,13.123,23.015,0.619,15.761,0.188,0.0,0.0,60.004,,1.0,175.0,-4.52,31.64
87,NiTiAl_101018_2_1_Rh_60s_50kV_100uAdet_1_176.txt,448.01099999999997,255.84099999999998,7.215,10.068999999999999,0.41,60.681999999999995,1.7109999999999999,3149.285,25.039,8.818999999999999,0.38299999999999995,100.0,0.0,1086.973,12.963,4.351,0.26899999999999996,24.851999999999997,0.29600000000000004,986.5369999999999,12.447000000000001,23.505,0.626,14.467,0.183,0.0,0.0,59.986999999999995,,1.0,176.0,-9.04,31.64
88,NiTiAl_101018_2_1_Rh_60s_50kV_100uAdet_1_18.txt,427.33,51.49100000000001,3.3169999999999997,6.285,0.324,15.937999999999999,1.0270000000000001,2316.7670000000003,21.473000000000003,5.501,0.303,100.0,0.0,1707.6760000000002,16.242,5.235,0.295,35.3,0.336,3515.145,23.333000000000002,26.574,0.6659999999999999,48.762,0.324,0.0,0.0,59.983999999999995,,1.0,18.0,4.52,-22.6
89,NiTiAl_101018_2_1_Rh_60s_50kV_100uAdet_1_19.txt,434.19199999999995,53.015,3.3739999999999997,6.934,0.34,16.069000000000003,1.023,2429.956,21.989,6.1,0.319,100.0,0.0,1915.1789999999999,17.197,5.767,0.31,40.371,0.363,3114.143,21.967,26.234,0.6609999999999999,43.56,0.307,0.0,0.0,59.998000000000005,,1.0,19.0,-0.0,-22.6
90,NiTiAl_101018_2_1_Rh_60s_50kV_100uAdet_1_2.txt,413.26099999999997,39.486999999999995,2.949,6.734,0.335,12.454,0.93,2453.427,22.096,5.584,0.305,100.0,0.0,1905.5220000000002,17.155,5.584,0.305,41.783,0.376,3139.261,22.055999999999997,26.038,0.659,45.762,0.322,0.0,0.0,59.99,,1.0,2.0,-0.0,-31.64
91,NiTiAl_101018_2_1_Rh_60s_50kV_100uAdet_1_20.txt,446.601,54.144,3.409,7.002999999999999,0.342,15.95,1.004,2509.197,22.35,6.136,0.32,100.0,0.0,2156.849,18.252,5.902,0.314,45.812,0.38799999999999996,2743.855,20.633000000000003,25.76,0.655,38.236999999999995,0.28800000000000003,0.0,0.0,59.977,,1.0,20.0,-4.52,-22.6
92,NiTiAl_101018_2_1_Rh_60s_50kV_100uAdet_1_21.txt,454.288,53.974,3.412,7.403,0.35100000000000003,15.555,0.983,2591.817,22.715,6.403,0.327,100.0,0.0,2371.86,19.137999999999998,5.852,0.312,51.117,0.41200000000000003,2380.947,19.230999999999998,25.627,0.654,33.328,0.26899999999999996,0.0,0.0,59.976000000000006,,1.0,21.0,-9.04,-22.6
93,NiTiAl_101018_2_1_Rh_60s_50kV_100uAdet_1_22.txt,468.319,54.728,3.4330000000000003,7.37,0.35100000000000003,15.324000000000002,0.961,2673.0609999999997,23.068,6.236000000000001,0.322,100.0,0.0,2595.613,20.02,6.202000000000001,0.322,55.861999999999995,0.431,2079.16,17.977,23.943,0.632,28.814,0.249,0.0,0.0,59.976000000000006,,1.0,22.0,-13.56,-22.6
94,NiTiAl_101018_2_1_Rh_60s_50kV_100uAdet_1_23.txt,476.205,50.93600000000001,3.3169999999999997,7.117999999999999,0.344,14.029000000000002,0.9129999999999999,2744.212,23.369,6.334,0.325,100.0,0.0,2812.567,20.835,6.117999999999999,0.319,61.119,0.45299999999999996,1789.332,16.687,23.521,0.626,24.851999999999997,0.23199999999999998,0.0,0.0,59.989,,1.0,23.0,-18.08,-22.6
95,NiTiAl_101018_2_1_Rh_60s_50kV_100uAdet_1_24.txt,487.07099999999997,50.57,3.321,7.867999999999999,0.36200000000000004,13.615,0.894,2802.5229999999997,23.616,6.768,0.336,100.0,0.0,3001.607,21.524,6.734,0.335,65.184,0.467,1536.3110000000001,15.475999999999999,23.604,0.627,21.201,0.214,0.0,0.0,59.99100000000001,,1.0,24.0,-22.6,-22.6
96,NiTiAl_101018_2_1_Rh_60s_50kV_100uAdet_1_25.txt,412.523,46.476000000000006,3.154,5.818,0.311,15.418,1.046,1871.3729999999998,19.302,5.301,0.297,100.0,0.0,833.138,11.357999999999999,4.968,0.28800000000000003,15.478,0.21100000000000002,5298.896,28.624000000000002,29.956,0.7070000000000001,69.104,0.373,0.0,0.0,59.986999999999995,,1.0,25.0,27.12,-18.08
97,NiTiAl_101018_2_1_Rh_60s_50kV_100uAdet_1_26.txt,415.029,48.691,3.227,6.068,0.318,15.959000000000001,1.058,1943.146,19.668,5.484,0.302,100.0,0.0,977.209,12.298,5.184,0.294,18.507,0.233,4966.335,27.713,29.005,0.695,65.53399999999999,0.366,0.0,0.0,59.989,,1.0,26.0,22.6,-18.08
98,NiTiAl_101018_2_1_Rh_60s_50kV_100uAdet_1_27.txt,416.931,50.321000000000005,3.29,6.718999999999999,0.335,16.291,1.065,2035.872,20.133,5.667999999999999,0.307,100.0,0.0,1130.744,13.225,5.185,0.294,21.869,0.256,4625.64,26.754,29.708000000000002,0.7040000000000001,61.84,0.358,0.0,0.0,59.983000000000004,,1.0,27.0,18.08,-18.08
99,NiTiAl_101018_2_1_Rh_60s_50kV_100uAdet_1_28.txt,419.996,53.317,3.372,6.334,0.325,16.972,1.073,2137.4610000000002,20.625,5.334,0.298,100.0,0.0,1303.921,14.197000000000001,5.2170000000000005,0.295,25.831,0.281,4217.932,25.546999999999997,27.654,0.679,57.196999999999996,0.34600000000000003,0.0,0.0,59.99100000000001,,1.0,28.0,13.56,-18.08
100,NiTiAl_101018_2_1_Rh_60s_50kV_100uAdet_1_29.txt,426.09,56.698,3.4730000000000003,6.551,0.33,17.668,1.082,2231.835,21.076,5.801,0.311,100.0,0.0,1490.8729999999998,15.177,5.101,0.292,30.1,0.306,3819.4359999999997,24.316999999999997,27.421,0.6759999999999999,52.232,0.33299999999999996,0.0,0.0,59.99,,1.0,29.0,9.04,-18.08
101,NiTiAl_101018_2_1_Rh_60s_50kV_100uAdet_1_3.txt,423.341,40.609,2.985,6.718999999999999,0.335,12.482000000000001,0.9179999999999999,2547.9610000000002,22.519000000000002,5.768,0.31,100.0,0.0,2128.6639999999998,18.13,5.385,0.3,47.263000000000005,0.40299999999999997,2758.607,20.683000000000003,24.89,0.644,40.255,0.302,0.0,0.0,59.983000000000004,,1.0,3.0,-4.52,-31.64
102,NiTiAl_101018_2_1_Rh_60s_50kV_100uAdet_1_30.txt,431.416,59.037,3.5380000000000003,6.486000000000001,0.32899999999999996,18.03,1.081,2331.3779999999997,21.543000000000003,5.468999999999999,0.302,100.0,0.0,1685.899,16.141,5.569,0.305,34.772,0.33299999999999996,3415.542,23.004,26.611,0.6659999999999999,47.198,0.318,0.0,0.0,59.976000000000006,,1.0,30.0,4.52,-18.08
103,NiTiAl_101018_2_1_Rh_60s_50kV_100uAdet_1_31.txt,441.657,61.763999999999996,3.613,6.403,0.327,18.377,1.075,2424.686,21.97,5.352,0.299,100.0,0.0,1893.973,17.105999999999998,5.5360000000000005,0.304,39.468,0.35600000000000004,3052.155,21.754,26.096,0.66,42.156000000000006,0.3,0.0,0.0,59.972,,1.0,31.0,-0.0,-18.08
104,NiTiAl_101018_2_1_Rh_60s_50kV_100uAdet_1_32.txt,453.76800000000003,63.902,3.675,6.635,0.33299999999999996,18.473,1.062,2525.908,22.421,5.785,0.311,100.0,0.0,2124.304,18.113,5.9510000000000005,0.315,44.608999999999995,0.38,2682.0690000000004,20.395,24.655,0.6409999999999999,36.919000000000004,0.281,0.0,0.0,59.986999999999995,,1.0,32.0,-4.52,-18.08
105,NiTiAl_101018_2_1_Rh_60s_50kV_100uAdet_1_33.txt,459.13599999999997,62.757,3.657,7.435,0.35200000000000004,17.829,1.0390000000000001,2599.286,22.746,6.485,0.32899999999999996,100.0,0.0,2326.988,18.955,5.835,0.312,49.726000000000006,0.405,2338.1639999999998,19.055,24.855999999999998,0.644,32.445,0.264,0.0,0.0,59.985,,1.0,33.0,-9.04,-18.08
106,NiTiAl_101018_2_1_Rh_60s_50kV_100uAdet_1_34.txt,472.853,63.438,3.679,7.586,0.35600000000000004,17.534000000000002,1.0170000000000001,2672.87,23.068,6.669,0.33299999999999996,100.0,0.0,2546.84,19.832,6.336,0.325,54.379,0.423,2042.9160000000002,17.823,24.26,0.636,28.087,0.245,0.0,0.0,59.976000000000006,,1.0,34.0,-13.56,-18.08
107,NiTiAl_101018_2_1_Rh_60s_50kV_100uAdet_1_35.txt,486.022,62.402,3.641,7.117000000000001,0.344,16.807000000000002,0.981,2739.3590000000004,23.345,6.1,0.319,100.0,0.0,2777.33,20.703000000000003,6.167000000000001,0.321,59.236000000000004,0.442,1757.628,16.54,23.918000000000003,0.631,23.956999999999997,0.225,0.0,0.0,59.997,,1.0,35.0,-18.08,-18.08
108,NiTiAl_101018_2_1_Rh_60s_50kV_100uAdet_1_36.txt,492.82300000000004,58.786,3.549,7.517,0.354,15.600999999999999,0.9420000000000001,2794.741,23.58,6.367000000000001,0.326,100.0,0.0,2969.228,21.406,6.7,0.33399999999999996,63.776,0.46,1510.925,15.347000000000001,23.233,0.622,20.623,0.209,0.0,0.0,60.001000000000005,,1.0,36.0,-22.6,-18.08
109,NiTiAl_101018_2_1_Rh_60s_50kV_100uAdet_1_37.txt,497.524,54.688,3.443,7.903,0.363,14.355,0.904,2847.3990000000003,23.808000000000003,7.002999999999999,0.342,100.0,0.0,3137.335,22.006999999999998,6.736000000000001,0.335,67.935,0.47700000000000004,1292.616,14.208,22.141,0.608,17.71,0.195,0.0,0.0,59.978,,1.0,37.0,-27.12,-18.08
110,NiTiAl_101018_2_1_Rh_60s_50kV_100uAdet_1_38.txt,410.35,50.86,3.298,6.2829999999999995,0.324,16.788,1.088,1914.665,19.52,5.332999999999999,0.298,100.0,0.0,830.793,11.34,4.717,0.28,15.633,0.213,5125.48,28.15,29.883000000000003,0.706,67.58,0.371,0.0,0.0,60.001000000000005,,1.0,38.0,27.12,-13.56
111,NiTiAl_101018_2_1_Rh_60s_50kV_100uAdet_1_39.txt,410.13,54.631,3.406,6.102,0.319,17.833,1.112,1960.118,19.756,5.468999999999999,0.302,100.0,0.0,956.0319999999999,12.162,4.418,0.271,18.473,0.235,4740.252,27.078000000000003,28.11,0.685,63.693999999999996,0.364,0.0,0.0,59.978,,1.0,39.0,22.6,-13.56
112,NiTiAl_101018_2_1_Rh_60s_50kV_100uAdet_1_4.txt,433.80199999999996,40.917,3.0060000000000002,7.153,0.345,12.261,0.9009999999999999,2640.613,22.927,6.2860000000000005,0.324,100.0,0.0,2349.77,19.05,6.303,0.324,52.67,0.42700000000000005,2405.597,19.326,24.61,0.6409999999999999,35.068000000000005,0.282,0.0,0.0,59.976000000000006,,1.0,4.0,-9.04,-31.64
113,NiTiAl_101018_2_1_Rh_60s_50kV_100uAdet_1_40.txt,415.772,59.363,3.549,6.502000000000001,0.32899999999999996,18.997,1.136,2048.64,20.195999999999998,5.5520000000000005,0.304,100.0,0.0,1100.3980000000001,13.047,5.052,0.29,21.572,0.256,4396.72,26.084,28.127,0.685,59.431000000000004,0.353,0.0,0.0,59.978,,1.0,40.0,18.08,-13.56
114,NiTiAl_101018_2_1_Rh_60s_50kV_100uAdet_1_41.txt,420.292,61.244,3.605,6.7170000000000005,0.335,19.285999999999998,1.135,2155.732,20.713,5.867000000000001,0.313,100.0,0.0,1272.988,14.027999999999999,5.367000000000001,0.299,25.409000000000002,0.28,4055.438,25.054000000000002,28.585,0.69,55.305,0.342,0.0,0.0,59.996,,1.0,41.0,13.56,-13.56
115,NiTiAl_101018_2_1_Rh_60s_50kV_100uAdet_1_42.txt,430.231,67.577,3.7680000000000002,6.318,0.325,20.677,1.153,2247.6929999999998,21.151,5.318,0.298,100.0,0.0,1455.6229999999998,15.0,5.367999999999999,0.299,29.398000000000003,0.303,3657.9390000000003,23.798000000000002,26.124000000000002,0.66,49.924,0.325,0.0,0.0,59.983000000000004,,1.0,42.0,9.04,-13.56
116,NiTiAl_101018_2_1_Rh_60s_50kV_100uAdet_1_43.txt,431.49699999999996,68.156,3.7889999999999997,6.684,0.33399999999999996,20.594,1.145,2359.5589999999997,21.668000000000003,5.667000000000001,0.307,100.0,0.0,1629.285,15.863,4.984,0.28800000000000003,33.782,0.32899999999999996,3288.035,22.566,25.451,0.6509999999999999,45.623999999999995,0.313,0.0,0.0,59.997,,1.0,43.0,4.52,-13.56
117,NiTiAl_101018_2_1_Rh_60s_50kV_100uAdet_1_44.txt,442.06,70.863,3.859,6.718,0.335,20.851,1.136,2444.572,22.057,5.768,0.31,100.0,0.0,1841.207,16.865,5.667999999999999,0.307,38.544000000000004,0.353,2930.222,21.315,25.889,0.657,40.604,0.295,0.0,0.0,59.986000000000004,,1.0,44.0,-0.0,-13.56
118,NiTiAl_101018_2_1_Rh_60s_50kV_100uAdet_1_45.txt,454.625,73.775,3.9360000000000004,6.917000000000001,0.34,21.074,1.124,2533.45,22.451999999999998,6.034,0.317,100.0,0.0,2060.116,17.836,5.95,0.315,43.349,0.375,2581.518,20.01,24.651,0.6409999999999999,35.577,0.276,0.0,0.0,59.998000000000005,,1.0,45.0,-4.52,-13.56
119,NiTiAl_101018_2_1_Rh_60s_50kV_100uAdet_1_46.txt,460.36,73.277,3.929,7.152,0.345,20.544,1.101,2613.577,22.808000000000003,6.235,0.322,100.0,0.0,2264.792,18.701,6.0520000000000005,0.318,48.486000000000004,0.4,2230.127,18.615,25.073,0.647,30.97,0.259,0.0,0.0,59.983999999999995,,1.0,46.0,-9.04,-13.56
120,NiTiAl_101018_2_1_Rh_60s_50kV_100uAdet_1_47.txt,468.86800000000005,70.828,3.865,7.152,0.345,19.514,1.065,2689.679,23.138,6.319,0.325,100.0,0.0,2468.79,19.524,5.952000000000001,0.315,53.218999999999994,0.42100000000000004,1964.965,17.483,24.458000000000002,0.639,27.268,0.243,0.0,0.0,59.981,,1.0,47.0,-13.56,-13.56
121,NiTiAl_101018_2_1_Rh_60s_50kV_100uAdet_1_48.txt,480.04699999999997,67.523,3.795,8.02,0.366,18.208,1.023,2733.232,23.326999999999998,7.069,0.34299999999999997,100.0,0.0,2704.958,20.437,6.5360000000000005,0.33,58.437,0.442,1691.8220000000001,16.236,24.125999999999998,0.634,23.354,0.22399999999999998,0.0,0.0,59.976000000000006,,1.0,48.0,-18.08,-13.56
122,NiTiAl_101018_2_1_Rh_60s_50kV_100uAdet_1_49.txt,495.216,69.02199999999999,3.821,7.303,0.349,18.094,1.002,2814.5570000000002,23.669,6.202999999999999,0.322,100.0,0.0,2896.742,21.149,6.67,0.33299999999999996,61.903999999999996,0.452,1472.5720000000001,15.157,23.243000000000002,0.623,20.002,0.20600000000000002,0.0,0.0,59.974,,1.0,49.0,-22.6,-13.56
123,NiTiAl_101018_2_1_Rh_60s_50kV_100uAdet_1_5.txt,400.31800000000004,36.556,2.832,6.066,0.318,12.267000000000001,0.95,2020.87,20.053,5.166,0.293,100.0,0.0,1127.146,13.202,5.216,0.295,22.285,0.261,4770.5779999999995,27.159000000000002,28.281999999999996,0.687,65.44800000000001,0.373,0.0,0.0,60.001999999999995,,1.0,5.0,18.08,-27.12
124,NiTiAl_101018_2_1_Rh_60s_50kV_100uAdet_1_50.txt,500.60400000000004,64.789,3.7030000000000003,6.968,0.341,16.791,0.96,2857.3340000000003,23.845,6.151,0.32,100.0,0.0,3071.1020000000003,21.772,6.518,0.33,66.082,0.46799999999999997,1257.754,14.019,22.488000000000003,0.612,17.127,0.191,0.0,0.0,59.986999999999995,,1.0,50.0,-27.12,-13.56
125,NiTiAl_101018_2_1_Rh_60s_50kV_100uAdet_1_51.txt,401.365,55.799,3.445,6.2860000000000005,0.324,18.555999999999997,1.146,1926.924,19.589000000000002,5.419,0.301,100.0,0.0,683.0310000000001,10.29,4.652,0.27899999999999997,12.99,0.196,5115.291,28.129,29.695999999999998,0.7040000000000001,68.454,0.376,0.0,0.0,59.975,,1.0,51.0,31.64,-9.04
126,NiTiAl_101018_2_1_Rh_60s_50kV_100uAdet_1_52.txt,416.35,63.67100000000001,3.656,5.901,0.314,20.537,1.179,1982.1789999999999,19.863,5.1339999999999995,0.293,100.0,0.0,810.99,11.206,4.8180000000000005,0.28300000000000003,15.300999999999998,0.21100000000000002,4870.445,27.444000000000003,28.305,0.687,64.16199999999999,0.36200000000000004,0.0,0.0,59.989,,1.0,52.0,27.12,-9.04
127,NiTiAl_101018_2_1_Rh_60s_50kV_100uAdet_1_53.txt,417.587,65.90899999999999,3.725,6.336,0.325,21.023000000000003,1.188,2051.583,20.211,5.502000000000001,0.303,100.0,0.0,941.3710000000001,12.07,4.819,0.28300000000000003,18.111,0.23199999999999998,4563.16,26.572,28.395,0.688,60.867,0.354,0.0,0.0,59.976000000000006,,1.0,53.0,22.6,-9.04
128,NiTiAl_101018_2_1_Rh_60s_50kV_100uAdet_1_54.txt,424.315,70.949,3.862,6.7170000000000005,0.335,22.155,1.206,2132.369,20.6,5.734,0.309,100.0,0.0,1091.6689999999999,12.993,4.934,0.287,21.269000000000002,0.253,4225.16,25.565,26.685,0.667,56.576,0.342,0.0,0.0,59.997,,1.0,54.0,18.08,-9.04
129,NiTiAl_101018_2_1_Rh_60s_50kV_100uAdet_1_55.txt,427.18300000000005,74.44800000000001,3.9560000000000004,6.937,0.34,22.864,1.215,2213.344,20.995,6.103,0.319,100.0,0.0,1242.903,13.865,5.218999999999999,0.295,24.715,0.276,3870.14,24.482,27.514,0.677,52.42,0.332,0.0,0.0,59.968999999999994,,1.0,55.0,13.56,-9.04
130,NiTiAl_101018_2_1_Rh_60s_50kV_100uAdet_1_56.txt,432.086,78.02,4.0489999999999995,7.218,0.34700000000000003,23.511,1.22,2296.591,21.381999999999998,6.318,0.325,100.0,0.0,1412.7920000000001,14.776,5.218,0.295,28.651999999999997,0.3,3497.7,23.276,26.889,0.67,47.836999999999996,0.318,0.0,0.0,59.988,,1.0,56.0,9.04,-9.04
131,NiTiAl_101018_2_1_Rh_60s_50kV_100uAdet_1_57.txt,440.66,81.641,4.127,6.7170000000000005,0.335,24.022,1.214,2411.555,21.906,5.8839999999999995,0.313,100.0,0.0,1598.405,15.713,5.2170000000000005,0.295,32.795,0.322,3152.9840000000004,22.105,26.569000000000003,0.665,43.183,0.303,0.0,0.0,59.995,,1.0,57.0,4.52,-9.04
132,NiTiAl_101018_2_1_Rh_60s_50kV_100uAdet_1_58.txt,448.88199999999995,84.46,4.205,7.402,0.35100000000000003,24.275,1.208,2500.521,22.309,6.318,0.325,100.0,0.0,1794.497,16.648,5.268,0.29600000000000004,37.313,0.34600000000000003,2796.6059999999998,20.826999999999998,25.823,0.6559999999999999,38.412,0.28600000000000003,0.0,0.0,59.986000000000004,,1.0,58.0,-0.0,-9.04
133,NiTiAl_101018_2_1_Rh_60s_50kV_100uAdet_1_59.txt,452.841,82.094,4.148,7.4,0.35100000000000003,23.291,1.177,2564.99,22.592,6.434,0.327,100.0,0.0,1993.976,17.547,5.667000000000001,0.307,42.247,0.37200000000000005,2485.145,19.637999999999998,25.135,0.647,34.461999999999996,0.272,0.0,0.0,59.997,,1.0,59.0,-4.52,-9.04
134,NiTiAl_101018_2_1_Rh_60s_50kV_100uAdet_1_6.txt,406.42400000000004,39.586,2.937,6.1160000000000005,0.319,13.013,0.965,2126.21,20.566999999999997,5.2829999999999995,0.297,100.0,0.0,1311.1470000000002,14.232000000000001,4.816,0.28300000000000003,26.381999999999998,0.28600000000000003,4384.0509999999995,26.037,27.33,0.675,60.605,0.36,0.0,0.0,60.008,,1.0,6.0,13.56,-27.12
135,NiTiAl_101018_2_1_Rh_60s_50kV_100uAdet_1_60.txt,461.88,83.73299999999999,4.191,7.685,0.358,23.208000000000002,1.162,2652.5570000000002,22.976999999999997,6.635,0.33299999999999996,100.0,0.0,2188.511,18.382,5.667999999999999,0.307,46.79600000000001,0.39299999999999996,2163.049,18.33,23.838,0.63,29.996,0.254,0.0,0.0,59.989,,1.0,60.0,-9.04,-9.04
136,NiTiAl_101018_2_1_Rh_60s_50kV_100uAdet_1_61.txt,472.38699999999994,83.04299999999999,4.169,7.251,0.348,22.494,1.129,2725.723,23.29,6.435,0.32799999999999996,100.0,0.0,2400.6620000000003,19.250999999999998,5.718,0.309,51.50899999999999,0.413,1883.2939999999999,17.117,24.154,0.635,25.997,0.23600000000000002,0.0,0.0,59.989,,1.0,61.0,-13.56,-9.04
137,NiTiAl_101018_2_1_Rh_60s_50kV_100uAdet_1_62.txt,484.135,82.081,4.143,7.167000000000001,0.34600000000000003,21.729,1.097,2782.7470000000003,23.529,6.034,0.317,100.0,0.0,2606.82,20.057000000000002,5.684,0.308,55.841,0.43,1638.4379999999999,15.972000000000001,22.851999999999997,0.617,22.430999999999997,0.21899999999999997,0.0,0.0,59.996,,1.0,62.0,-18.08,-9.04
138,NiTiAl_101018_2_1_Rh_60s_50kV_100uAdet_1_63.txt,494.099,78.561,4.059,7.266,0.348,20.423,1.055,2845.784,23.791999999999998,6.399,0.327,100.0,0.0,2816.0,20.844,6.0489999999999995,0.318,60.33,0.447,1413.5539999999999,14.85,23.248,0.622,19.248,0.20199999999999999,0.0,0.0,60.006,,1.0,63.0,-22.6,-9.04
139,NiTiAl_101018_2_1_Rh_60s_50kV_100uAdet_1_64.txt,498.749,73.75,3.946,7.585,0.35600000000000004,18.999000000000002,1.016,2898.298,24.016,6.551,0.33,100.0,0.0,2982.9559999999997,21.456999999999997,6.468,0.32799999999999996,64.388,0.46299999999999997,1215.857,13.787,22.521,0.613,16.613,0.188,0.0,0.0,59.989,,1.0,64.0,-27.12,-9.04
140,NiTiAl_101018_2_1_Rh_60s_50kV_100uAdet_1_65.txt,500.39599999999996,69.931,3.86,8.236,0.371,17.915,0.9890000000000001,2938.6659999999997,24.186,7.0520000000000005,0.34299999999999997,100.0,0.0,3105.14,21.893,6.519,0.33,67.65,0.47700000000000004,1049.606,12.824000000000002,21.924,0.605,14.435,0.17600000000000002,0.0,0.0,59.981,,1.0,65.0,-31.64,-9.04
141,NiTiAl_101018_2_1_Rh_60s_50kV_100uAdet_1_66.txt,403.605,67.986,3.782,6.502000000000001,0.32899999999999996,22.18,1.234,2024.87,20.079,5.652,0.307,100.0,0.0,668.0310000000001,10.174,4.385,0.27,12.856,0.196,4815.095,27.29,28.176,0.685,64.964,0.368,0.0,0.0,59.981,,1.0,66.0,31.64,-4.52
142,NiTiAl_101018_2_1_Rh_60s_50kV_100uAdet_1_67.txt,408.667,71.10300000000001,3.867,6.718999999999999,0.335,22.837,1.242,2073.09,20.317,5.902,0.314,100.0,0.0,789.461,11.055,4.352,0.26899999999999996,15.324000000000002,0.215,4574.245,26.604,28.643,0.691,61.838,0.36,0.0,0.0,59.979,,1.0,67.0,27.12,-4.52
143,NiTiAl_101018_2_1_Rh_60s_50kV_100uAdet_1_68.txt,419.531,79.52,4.066,5.984,0.316,24.848000000000003,1.27,2132.313,20.6,5.151,0.293,100.0,0.0,905.33,11.835,4.584,0.276,17.599,0.23,4284.888,25.747,27.371,0.675,57.553000000000004,0.34600000000000003,0.0,0.0,59.99100000000001,,1.0,68.0,22.6,-4.52
144,NiTiAl_101018_2_1_Rh_60s_50kV_100uAdet_1_69.txt,419.80699999999996,81.528,4.123,6.584,0.331,25.213,1.275,2199.667,20.924,5.867000000000001,0.313,100.0,0.0,1047.75,12.728,4.534,0.275,20.87,0.254,3949.828,24.723000000000003,26.785999999999998,0.6679999999999999,53.917,0.337,0.0,0.0,59.994,,1.0,69.0,18.08,-4.52
145,NiTiAl_101018_2_1_Rh_60s_50kV_100uAdet_1_7.txt,410.149,40.568000000000005,2.975,6.285,0.324,13.123,0.9620000000000001,2218.027,21.011999999999997,5.501,0.303,100.0,0.0,1508.441,15.267000000000001,5.101,0.292,31.099,0.315,3979.915,24.819000000000003,26.84,0.669,55.778,0.348,0.0,0.0,59.983999999999995,,1.0,7.0,9.04,-27.12
146,NiTiAl_101018_2_1_Rh_60s_50kV_100uAdet_1_70.txt,429.639,88.675,4.2989999999999995,7.068,0.34299999999999997,26.664,1.2930000000000001,2272.915,21.27,6.2170000000000005,0.322,100.0,0.0,1197.81,13.607000000000001,4.817,0.28300000000000003,24.006,0.273,3625.573,23.694000000000003,26.854,0.669,49.32899999999999,0.322,0.0,0.0,59.992,,1.0,70.0,13.56,-4.52
147,NiTiAl_101018_2_1_Rh_60s_50kV_100uAdet_1_71.txt,434.37300000000005,91.898,4.369,6.867000000000001,0.33799999999999997,27.154,1.291,2394.659,21.83,5.851,0.312,100.0,0.0,1360.099,14.498,5.034,0.29,27.756999999999998,0.29600000000000004,3285.597,22.563000000000002,27.035999999999998,0.6709999999999999,45.089,0.31,0.0,0.0,59.993,,1.0,71.0,9.04,-4.52
148,NiTiAl_101018_2_1_Rh_60s_50kV_100uAdet_1_72.txt,443.0,96.305,4.47,6.936,0.34,27.779,1.2890000000000001,2453.473,22.101,6.019,0.317,100.0,0.0,1532.055,15.386,4.819,0.28300000000000003,31.581,0.317,2960.836,21.425,24.894000000000002,0.644,40.64,0.294,0.0,0.0,59.974,,1.0,72.0,4.52,-4.52
149,NiTiAl_101018_2_1_Rh_60s_50kV_100uAdet_1_73.txt,445.385,95.65899999999999,4.459,7.152,0.345,27.246,1.27,2555.509,22.554000000000002,6.135,0.32,100.0,0.0,1717.766,16.291,5.485,0.302,36.233000000000004,0.344,2625.5890000000004,20.188,26.259,0.662,36.521,0.281,0.0,0.0,59.98,,1.0,73.0,-0.0,-4.52
150,NiTiAl_101018_2_1_Rh_60s_50kV_100uAdet_1_74.txt,457.10900000000004,98.816,4.524,6.935,0.34,27.396,1.254,2623.238,22.849,5.818,0.311,100.0,0.0,1909.523,17.173,5.268,0.29600000000000004,40.382,0.363,2332.0789999999997,19.03,24.74,0.642,32.222,0.263,0.0,0.0,59.983999999999995,,1.0,74.0,-4.52,-4.52
151,NiTiAl_101018_2_1_Rh_60s_50kV_100uAdet_1_75.txt,463.43699999999995,97.302,4.499,7.404,0.35100000000000003,26.544,1.227,2691.18,23.148000000000003,6.437,0.32799999999999996,100.0,0.0,2104.048,18.028,5.52,0.303,45.037,0.386,2049.2129999999997,17.852,24.646,0.6409999999999999,28.42,0.248,0.0,0.0,59.968,,1.0,75.0,-9.04,-4.52
152,NiTiAl_101018_2_1_Rh_60s_50kV_100uAdet_1_76.txt,470.05,95.27600000000001,4.453,7.367999999999999,0.35,25.57,1.195,2757.4240000000004,23.425,6.351,0.325,100.0,0.0,2292.231,18.813,6.101,0.319,49.477,0.406,1797.119,16.725,24.104,0.634,24.953000000000003,0.23199999999999998,0.0,0.0,59.989,,1.0,76.0,-13.56,-4.52
153,NiTiAl_101018_2_1_Rh_60s_50kV_100uAdet_1_77.txt,481.165,93.81700000000001,4.423,7.586,0.35600000000000004,24.636,1.162,2821.695,23.698,6.269,0.32299999999999995,100.0,0.0,2500.377,19.649,5.952000000000001,0.315,53.952,0.424,1553.007,15.557,22.825,0.617,21.412,0.215,0.0,0.0,59.979,,1.0,77.0,-18.08,-4.52
154,NiTiAl_101018_2_1_Rh_60s_50kV_100uAdet_1_78.txt,486.51599999999996,89.20200000000001,4.321000000000001,7.851,0.36200000000000004,23.177,1.123,2870.926,23.901999999999997,6.784,0.336,100.0,0.0,2678.645,20.333,6.1339999999999995,0.32,58.229,0.442,1345.2720000000002,14.493,23.103,0.621,18.593,0.2,0.0,0.0,59.993,,1.0,78.0,-22.6,-4.52
155,NiTiAl_101018_2_1_Rh_60s_50kV_100uAdet_1_79.txt,492.24699999999996,85.17,4.224,7.619,0.35600000000000004,21.892,1.0859999999999999,2925.735,24.131,6.669,0.33299999999999996,100.0,0.0,2840.367,20.94,6.3020000000000005,0.324,61.994,0.457,1165.742,13.503,22.074,0.607,16.114,0.187,0.0,0.0,59.98,,1.0,79.0,-27.12,-4.52
156,NiTiAl_101018_2_1_Rh_60s_50kV_100uAdet_1_8.txt,420.341,45.339,3.12,5.95,0.315,14.261,0.981,2328.471,21.524,5.184,0.294,100.0,0.0,1713.1129999999998,16.267,5.667000000000001,0.307,35.847,0.34,3549.4759999999997,23.444000000000003,26.785,0.6679999999999999,49.891999999999996,0.33,0.0,0.0,59.997,,1.0,8.0,4.52,-27.12
157,NiTiAl_101018_2_1_Rh_60s_50kV_100uAdet_1_80.txt,492.601,78.53699999999999,4.072,8.02,0.366,20.147000000000002,1.044,2985.2870000000003,24.375999999999998,6.819,0.337,100.0,0.0,2983.2140000000004,21.459,6.152,0.32,65.929,0.474,997.799,12.511,22.191,0.608,13.924000000000001,0.175,0.0,0.0,59.978,,1.0,80.0,-31.64,-4.52
158,NiTiAl_101018_2_1_Rh_60s_50kV_100uAdet_1_81.txt,399.527,79.264,4.075,7.017,0.342,25.546999999999997,1.3130000000000002,2125.2670000000003,20.566,5.733,0.309,100.0,0.0,653.097,10.058,4.3,0.268,12.905,0.19899999999999998,4460.541,26.267,28.35,0.687,61.549,0.36200000000000004,0.0,0.0,59.998999999999995,,1.0,81.0,31.64,0.0
159,NiTiAl_101018_2_1_Rh_60s_50kV_100uAdet_1_82.txt,407.923,85.772,4.231,6.936,0.34,27.017,1.3330000000000002,2167.68,20.775,5.968999999999999,0.315,100.0,0.0,759.627,10.847000000000001,4.418,0.271,15.043,0.215,4219.121,25.554000000000002,27.844,0.6809999999999999,57.94,0.35100000000000003,0.0,0.0,59.978,,1.0,82.0,27.12,0.0
160,NiTiAl_101018_2_1_Rh_60s_50kV_100uAdet_1_83.txt,417.639,92.87200000000001,4.388999999999999,6.718,0.335,28.543000000000003,1.349,2222.4770000000003,21.031999999999996,5.751,0.31,100.0,0.0,874.06,11.629000000000001,4.401,0.271,17.340999999999998,0.231,3963.386,24.769000000000002,27.855,0.6809999999999999,54.115,0.33799999999999997,0.0,0.0,59.99,,1.0,83.0,22.6,0.0
161,NiTiAl_101018_2_1_Rh_60s_50kV_100uAdet_1_84.txt,420.876,97.14299999999999,4.49,7.067,0.34299999999999997,29.408,1.359,2280.373,21.303,6.034,0.317,100.0,0.0,992.933,12.39,4.35,0.26899999999999996,20.01,0.25,3675.095,23.854,27.418000000000003,0.6759999999999999,50.582,0.32799999999999996,0.0,0.0,59.997,,1.0,84.0,18.08,0.0
162,NiTiAl_101018_2_1_Rh_60s_50kV_100uAdet_1_85.txt,431.49199999999996,104.711,4.656000000000001,7.186,0.34600000000000003,30.785999999999998,1.369,2382.1,21.776,6.069,0.318,100.0,0.0,1144.042,13.299000000000001,4.435,0.272,23.147,0.26899999999999996,3365.9159999999997,22.836,26.408,0.664,46.067,0.313,0.0,0.0,59.981,,1.0,85.0,13.56,0.0
163,NiTiAl_101018_2_1_Rh_60s_50kV_100uAdet_1_86.txt,436.408,107.63,4.718,7.331,0.349,31.116999999999997,1.364,2428.2729999999997,21.976999999999997,6.215,0.322,100.0,0.0,1297.353,14.155,4.665,0.27899999999999997,26.651,0.29100000000000004,3066.357,21.796999999999997,26.675,0.667,42.232,0.3,0.0,0.0,60.018,,1.0,86.0,9.04,0.0
164,NiTiAl_101018_2_1_Rh_60s_50kV_100uAdet_1_87.txt,440.60900000000004,109.961,4.765,7.002999999999999,0.342,31.283,1.3559999999999999,2510.665,22.357,5.986000000000001,0.316,100.0,0.0,1457.211,15.007,4.819,0.28300000000000003,30.475,0.314,2752.837,20.664,24.794,0.643,38.242,0.287,0.0,0.0,59.973,,1.0,87.0,4.52,0.0
165,NiTiAl_101018_2_1_Rh_60s_50kV_100uAdet_1_88.txt,447.405,111.79799999999999,4.8069999999999995,7.367999999999999,0.35,31.191,1.341,2590.734,22.706999999999997,6.235,0.322,100.0,0.0,1631.5020000000002,15.876,5.285,0.297,34.489000000000004,0.336,2466.325,19.564,24.456,0.639,34.32,0.272,0.0,0.0,59.986000000000004,,1.0,88.0,-0.0,0.0
166,NiTiAl_101018_2_1_Rh_60s_50kV_100uAdet_1_89.txt,451.69300000000004,111.329,4.796,7.367000000000001,0.35,30.614,1.319,2670.3459999999995,23.049,6.25,0.32299999999999995,100.0,0.0,1809.896,16.719,5.7170000000000005,0.309,38.905,0.359,2173.2129999999997,18.375999999999998,25.3,0.649,30.480999999999998,0.258,0.0,0.0,60.001000000000005,,1.0,89.0,-4.52,0.0
167,NiTiAl_101018_2_1_Rh_60s_50kV_100uAdet_1_9.txt,424.78,45.597,3.1439999999999997,6.585,0.331,14.085,0.971,2425.473,21.971,5.752000000000001,0.31,100.0,0.0,1916.632,17.206,5.635,0.306,41.037,0.368,3154.6940000000004,22.112,26.24,0.6609999999999999,44.876999999999995,0.315,0.0,0.0,59.983999999999995,,1.0,9.0,-0.0,-27.12
168,NiTiAl_101018_2_1_Rh_60s_50kV_100uAdet_1_90.txt,462.851,113.103,4.835,7.584,0.35600000000000004,30.357,1.298,2730.8559999999998,23.31,6.417000000000001,0.327,100.0,0.0,1993.161,17.542,5.284,0.297,42.85,0.377,1925.07,17.301,23.735,0.629,26.793000000000003,0.24100000000000002,0.0,0.0,59.997,,1.0,90.0,-9.04,0.0
169,NiTiAl_101018_2_1_Rh_60s_50kV_100uAdet_1_91.txt,466.171,109.537,4.7669999999999995,7.9510000000000005,0.364,29.101999999999997,1.2670000000000001,2785.5209999999997,23.545,7.068,0.34299999999999997,100.0,0.0,2172.384,18.314,5.667000000000001,0.307,47.406000000000006,0.4,1674.594,16.152,24.42,0.638,23.491999999999997,0.22699999999999998,0.0,0.0,59.992,,1.0,91.0,-13.56,0.0
170,NiTiAl_101018_2_1_Rh_60s_50kV_100uAdet_1_92.txt,473.92699999999996,105.566,4.685,8.02,0.366,27.65,1.227,2855.778,23.843000000000004,6.886,0.33899999999999997,100.0,0.0,2363.216,19.102999999999998,5.869,0.313,51.723,0.418,1474.455,15.168,23.625,0.628,20.625999999999998,0.212,0.0,0.0,59.978,,1.0,92.0,-18.08,0.0
171,NiTiAl_101018_2_1_Rh_60s_50kV_100uAdet_1_93.txt,479.205,101.073,4.588,7.952999999999999,0.364,26.19,1.189,2916.256,24.094,6.919,0.34,100.0,0.0,2538.993,19.799,5.769,0.31,55.955,0.436,1273.864,14.106,22.141,0.608,17.854,0.198,0.0,0.0,59.978,,1.0,93.0,-22.6,0.0
172,NiTiAl_101018_2_1_Rh_60s_50kV_100uAdet_1_94.txt,482.027,95.89299999999999,4.47,7.797999999999999,0.36,24.714000000000002,1.1520000000000001,2980.323,24.345,6.515,0.32899999999999996,100.0,0.0,2685.058,20.352,5.797999999999999,0.311,59.706,0.45299999999999996,1105.775,13.154000000000002,22.326999999999998,0.61,15.58,0.185,0.0,0.0,60.016000000000005,,1.0,94.0,-27.12,0.0
173,NiTiAl_101018_2_1_Rh_60s_50kV_100uAdet_1_95.txt,486.134,91.896,4.378,7.585,0.35600000000000004,23.491999999999997,1.119,3042.4440000000004,24.605999999999998,6.585,0.331,100.0,0.0,2823.7270000000003,20.877,5.917999999999999,0.314,63.068999999999996,0.466,952.38,12.222999999999999,21.405,0.597,13.439,0.172,0.0,0.0,59.985,,1.0,95.0,-31.64,0.0
174,NiTiAl_101018_2_1_Rh_60s_50kV_100uAdet_1_96.txt,392.275,92.646,4.388,6.935,0.34,29.553,1.4,2242.746,21.129,5.867999999999999,0.313,100.0,0.0,617.2080000000001,9.777999999999999,3.951,0.257,12.63,0.2,4062.156,25.073,26.956999999999997,0.67,57.816,0.35700000000000004,0.0,0.0,59.983999999999995,,1.0,96.0,31.64,4.52
175,NiTiAl_101018_2_1_Rh_60s_50kV_100uAdet_1_97.txt,404.704,99.988,4.551,7.001,0.342,31.045,1.413,2272.544,21.267,5.984,0.316,100.0,0.0,713.7080000000001,10.514000000000001,4.567,0.276,14.475,0.213,3887.82,24.531,27.236,0.674,54.48,0.344,0.0,0.0,59.995,,1.0,97.0,27.12,4.52
176,NiTiAl_101018_2_1_Rh_60s_50kV_100uAdet_1_98.txt,414.039,107.381,4.715,7.319,0.349,32.516,1.4280000000000002,2324.389,21.511999999999997,6.252000000000001,0.32299999999999995,100.0,0.0,825.551,11.304,4.401,0.271,16.769000000000002,0.23,3641.542,23.748,26.659000000000002,0.667,50.715,0.331,0.0,0.0,59.98,,1.0,98.0,22.6,4.52
177,NiTiAl_101018_2_1_Rh_60s_50kV_100uAdet_1_99.txt,419.07,111.94,4.803999999999999,6.7860000000000005,0.336,33.297,1.429,2372.937,21.736,6.103,0.319,100.0,0.0,948.957,12.119000000000002,4.769,0.282,19.489,0.249,3379.5809999999997,22.884,26.478,0.664,47.214,0.32,0.0,0.0,59.975,,1.0,99.0,18.08,4.52
