;grid=25x25:extent=(-36.0000,36,-36,36.0000):X_lbl=p_y:Y_lbl=p_x,,,,,,,,,,,,,,,,,,,,,,,,,,,,,,,,,,,,,,,,,,,,,,,,,,,,,,
    #,   Plate Y,   Plate X,  Seconds,       i0,       i1,      mon,    bstop,    Omron,      CH6,      CH7,     TEMP,   marccd,    ICRxT,    OCRxT,     ROI1,     ROI2,     ROI3,     ROI4,     ROI5,     ROI6,     ROI7,     ROI8,     ROI9,    ROI10,    RIO11,    ROI12,    ROI13,      SWX,     CCD1,    CTEMP,    Timer,      pd1,      pd2,      pd3,      pd4,      pd5,      pd6,      pd7,      pd8,      pd9,     pd10,     pd11,     pd12,     pd13,     pd14,     pd15,     pd16,    PRESS,   lvdt11,   lvdt12,   lvdt21,   lvdt22,   lvdt31,   lvdt32,   lvdt41,   lvdt42,   CTEMPB
12,0,-36,30,4498146,2127262,1399,0,0,0,0,0,33.901298,105330,95940,20816,4173,16825,3159,2434,791,0,0,0,0,0,0,0,0,0,-1,81883.532,-1,0,0,0,0,0,0,0,0,0,0,0,0,0,0,0,0,0,0,0,0,0,0,0,0,0
33,-12,-33,30,4509173,2133151,1339,0,15031784,0,0,0,34.026193,110850,100260,23281,4080,20192,3507,2557,653,0,0,0,0,0,0,0,0,0,-1,81919.598,-1,0,0,0,0,0,0,0,0,0,0,0,0,0,0,0,0,0,0,0,0,0,0,0,0,0
34,-9,-33,30,4534287,2146299,1458,0,15030023,0,0,0,33.955406,111600,101010,23733,4169,19649,3496,2546,694,0,0,0,0,0,0,0,0,0,-1,81954.781,-1,0,0,0,0,0,0,0,0,0,0,0,0,0,0,0,0,0,0,0,0,0,0,0,0,0
35,-6,-33,30,4536797,2139100,1332,0,15031408,0,0,0,33.917145,112080,101580,23348,4309,18728,3366,2567,719,0,0,0,0,0,0,0,0,0,-1,81990.058,-1,0,0,0,0,0,0,0,0,0,0,0,0,0,0,0,0,0,0,0,0,0,0,0,0,0
36,-3,-33,30,4543918,2143154,1350,0,15026645,0,0,0,33.969393,108660,98640,23570,4305,17534,3049,2626,690,0,0,0,0,0,0,0,0,0,-1,82025.272,-1,0,0,0,0,0,0,0,0,0,0,0,0,0,0,0,0,0,0,0,0,0,0,0,0,0
37,0,-33,30,4532609,2123599,1393,0,15030084,0,0,0,33.92252,108510,98940,23458,4169,16636,3092,2597,786,0,0,0,0,0,0,0,0,0,-1,82060.478,-1,0,0,0,0,0,0,0,0,0,0,0,0,0,0,0,0,0,0,0,0,0,0,0,0,0
38,3,-33,30,4524674,2131835,1451,0,15032221,0,0,0,34.110688,106290,96450,23222,4560,15618,2826,2739,836,0,0,0,0,0,0,0,0,0,-1,82095.819,-1,0,0,0,0,0,0,0,0,0,0,0,0,0,0,0,0,0,0,0,0,0,0,0,0,0
39,6,-33,30,4518581,2126896,1317,0,15036182,0,0,0,34.012431,105030,95670,22964,4476,14831,2701,2678,838,0,0,0,0,0,0,0,0,0,-1,82131.097,-1,0,0,0,0,0,0,0,0,0,0,0,0,0,0,0,0,0,0,0,0,0,0,0,0,0
40,9,-33,30,4502486,2123129,1296,0,15025489,0,0,0,33.978155,103920,94650,22469,4418,13861,2531,2605,865,0,0,0,0,0,0,0,0,0,-1,82166.309,-1,0,0,0,0,0,0,0,0,0,0,0,0,0,0,0,0,0,0,0,0,0,0,0,0,0
41,12,-33,30,4492640,2116982,1395,0,15013953,0,0,0,33.84796,103860,94560,22326,4441,12900,2355,2588,845,0,0,0,0,0,0,0,0,0,-1,82201.435,-1,0,0,0,0,0,0,0,0,0,0,0,0,0,0,0,0,0,0,0,0,0,0,0,0,0
56,-18,-30,30,4541281,2140483,1216,0,15048202,0,0,0,33.973173,112860,102030,25033,4151,20721,3798,2581,643,0,0,0,0,0,0,0,0,0,-1,82239.293,-1,0,0,0,0,0,0,0,0,0,0,0,0,0,0,0,0,0,0,0,0,0,0,0,0,0
57,-15,-30,30,4539422,2138866,1730,0,15046456,0,0,0,34.089006,112500,101730,25486,4266,19921,3706,2675,609,0,0,0,0,0,0,0,0,0,-1,82274.61,-1,0,0,0,0,0,0,0,0,0,0,0,0,0,0,0,0,0,0,0,0,0,0,0,0,0
58,-12,-30,30,4538741,2135325,1705,0,15033822,0,0,0,33.949645,114150,103110,25403,4368,19369,3558,2624,638,0,0,0,0,0,0,0,0,0,-1,82309.809,-1,0,0,0,0,0,0,0,0,0,0,0,0,0,0,0,0,0,0,0,0,0,0,0,0,0
59,-9,-30,30,4543577,2131790,1333,0,15038303,0,0,0,33.92773,113100,102480,25503,4385,18293,3290,2683,682,0,0,0,0,0,0,0,0,0,-1,82344.991,-1,0,0,0,0,0,0,0,0,0,0,0,0,0,0,0,0,0,0,0,0,0,0,0,0,0
60,-6,-30,30,4537329,2126954,1330,0,15039104,0,0,0,33.969704,110370,100050,24915,4547,17547,3136,2758,649,0,0,0,0,0,0,0,0,0,-1,82380.19,-1,0,0,0,0,0,0,0,0,0,0,0,0,0,0,0,0,0,0,0,0,0,0,0,0,0
61,-3,-30,30,4533119,2124898,1308,0,15042834,0,0,0,33.902699,111690,101130,25369,4408,16716,2967,2791,697,0,0,0,0,0,0,0,0,0,-1,82415.334,-1,0,0,0,0,0,0,0,0,0,0,0,0,0,0,0,0,0,0,0,0,0,0,0,0,0
62,0,-30,30,4530517,2120218,1387,0,15045791,0,0,0,33.9806,109770,99870,24895,4461,15686,2826,2754,744,0,0,0,0,0,0,0,0,0,-1,82450.552,-1,0,0,0,0,0,0,0,0,0,0,0,0,0,0,0,0,0,0,0,0,0,0,0,0,0
63,3,-30,30,4514972,2112383,1261,0,15041443,0,0,0,34.062078,106500,96720,24492,4418,14769,2668,2674,784,0,0,0,0,0,0,0,0,0,-1,82485.882,-1,0,0,0,0,0,0,0,0,0,0,0,0,0,0,0,0,0,0,0,0,0,0,0,0,0
64,6,-30,30,4529918,2119358,1227,0,15035798,0,0,0,33.993247,105870,96330,24636,4685,13918,2559,2799,777,0,0,0,0,0,0,0,0,0,-1,82521.107,-1,0,0,0,0,0,0,0,0,0,0,0,0,0,0,0,0,0,0,0,0,0,0,0,0,0
65,9,-30,30,4568433,2133850,1281,0,15036735,0,0,0,33.975135,106320,96660,24653,4559,13386,2416,2731,899,0,0,0,0,0,0,0,0,0,-1,82556.32,-1,0,0,0,0,0,0,0,0,0,0,0,0,0,0,0,0,0,0,0,0,0,0,0,0,0
66,12,-30,30,4557302,2132998,1262,0,15020538,0,0,0,34.110302,104700,95310,24402,4607,12686,2239,2710,918,0,0,0,0,0,0,0,0,0,-1,82591.713,-1,0,0,0,0,0,0,0,0,0,0,0,0,0,0,0,0,0,0,0,0,0,0,0,0,0
67,15,-30,30,4540568,2134186,1162,0,15000137,0,0,0,34.073522,103560,94110,24164,4576,11926,2161,2749,883,0,0,0,0,0,0,0,0,0,-1,82627.055,-1,0,0,0,0,0,0,0,0,0,0,0,0,0,0,0,0,0,0,0,0,0,0,0,0,0
68,18,-30,30,4535862,2125071,1164,0,14982266,0,0,0,33.854785,103230,94110,23479,4604,10955,2062,2740,921,0,0,0,0,0,0,0,0,0,-1,82662.143,-1,0,0,0,0,0,0,0,0,0,0,0,0,0,0,0,0,0,0,0,0,0,0,0,0,0
80,-21,-27,30,4534592,2119064,1112,0,15046613,0,0,0,33.892039,115830,104700,26967,4247,20282,3696,2669,533,0,0,0,0,0,0,0,0,0,-1,82700.835,-1,0,0,0,0,0,0,0,0,0,0,0,0,0,0,0,0,0,0,0,0,0,0,0,0,0
81,-18,-27,30,4522428,2116745,1175,0,15042473,0,0,0,33.920944,114750,103800,26795,4305,19511,3625,2715,581,0,0,0,0,0,0,0,0,0,-1,82736.049,-1,0,0,0,0,0,0,0,0,0,0,0,0,0,0,0,0,0,0,0,0,0,0,0,0,0
82,-15,-27,30,4505869,2115538,1340,0,15043504,0,0,0,33.998343,112410,101550,26911,4455,18889,3404,2752,590,0,0,0,0,0,0,0,0,0,-1,82771.367,-1,0,0,0,0,0,0,0,0,0,0,0,0,0,0,0,0,0,0,0,0,0,0,0,0,0
83,-12,-27,30,4490385,2108804,957,0,15037458,0,0,0,33.988516,111660,101010,26912,4601,17884,3232,2832,644,0,0,0,0,0,0,0,0,0,-1,82806.656,-1,0,0,0,0,0,0,0,0,0,0,0,0,0,0,0,0,0,0,0,0,0,0,0,0,0
84,-9,-27,30,4538368,2132708,1068,0,15039319,0,0,0,34.015117,112650,101880,27468,4682,17217,3066,2858,668,0,0,0,0,0,0,0,0,0,-1,82841.929,-1,0,0,0,0,0,0,0,0,0,0,0,0,0,0,0,0,0,0,0,0,0,0,0,0,0
85,-6,-27,30,4531136,2129577,1262,0,15039733,0,0,0,33.925194,114060,103110,27350,4719,16770,3020,2862,751,0,0,0,0,0,0,0,0,0,-1,82877.086,-1,0,0,0,0,0,0,0,0,0,0,0,0,0,0,0,0,0,0,0,0,0,0,0,0,0
86,-3,-27,30,4522138,2127352,1297,0,15043764,0,0,0,33.950618,112560,101850,27319,4795,15834,2780,2911,708,0,0,0,0,0,0,0,0,0,-1,82912.326,-1,0,0,0,0,0,0,0,0,0,0,0,0,0,0,0,0,0,0,0,0,0,0,0,0,0
87,0,-27,30,4520691,2124788,1195,0,15044045,0,0,0,34.009671,110130,99660,27206,4717,14908,2746,2788,778,0,0,0,0,0,0,0,0,0,-1,82947.56,-1,0,0,0,0,0,0,0,0,0,0,0,0,0,0,0,0,0,0,0,0,0,0,0,0,0
88,3,-27,30,4519685,2119908,1153,0,15042016,0,0,0,33.945265,110250,100170,26923,4729,14233,2572,2917,786,0,0,0,0,0,0,0,0,0,-1,82982.771,-1,0,0,0,0,0,0,0,0,0,0,0,0,0,0,0,0,0,0,0,0,0,0,0,0,0
89,6,-27,30,4515501,2116686,1158,0,15044541,0,0,0,34.01957,107700,97620,26488,4825,13485,2500,2820,789,0,0,0,0,0,0,0,0,0,-1,83018.036,-1,0,0,0,0,0,0,0,0,0,0,0,0,0,0,0,0,0,0,0,0,0,0,0,0,0
90,9,-27,30,4512692,2114775,1108,0,15035589,0,0,0,34.013278,106620,96990,26081,4957,12627,2252,2969,774,0,0,0,0,0,0,0,0,0,-1,83053.292,-1,0,0,0,0,0,0,0,0,0,0,0,0,0,0,0,0,0,0,0,0,0,0,0,0,0
91,12,-27,30,4505955,2101749,1429,0,15026763,0,0,0,33.976378,104550,94980,25704,4805,11751,2122,2904,830,0,0,0,0,0,0,0,0,0,-1,83088.559,-1,0,0,0,0,0,0,0,0,0,0,0,0,0,0,0,0,0,0,0,0,0,0,0,0,0
92,15,-27,30,4527271,2105004,1165,0,15024506,0,0,0,34.009023,103650,94380,25324,4841,10908,2089,2881,849,0,0,0,0,0,0,0,0,0,-1,83123.81,-1,0,0,0,0,0,0,0,0,0,0,0,0,0,0,0,0,0,0,0,0,0,0,0,0,0
93,18,-27,30,4552489,2118456,1231,0,15017099,0,0,0,33.910934,104580,95310,25024,4749,10398,1948,2939,865,0,0,0,0,0,0,0,0,0,-1,83158.972,-1,0,0,0,0,0,0,0,0,0,0,0,0,0,0,0,0,0,0,0,0,0,0,0,0,0
94,21,-27,30,4536084,2119525,1264,0,14999760,0,0,0,33.94967,103740,94650,25059,4805,9812,1817,2908,873,0,0,0,0,0,0,0,0,0,-1,83194.167,-1,0,0,0,0,0,0,0,0,0,0,0,0,0,0,0,0,0,0,0,0,0,0,0,0,0
104,-24,-24,30,4524533,2111975,1402,0,15039123,0,0,0,33.928245,116700,105270,28828,4471,19951,3509,2754,533,0,0,0,0,0,0,0,0,0,-1,83233.462,-1,0,0,0,0,0,0,0,0,0,0,0,0,0,0,0,0,0,0,0,0,0,0,0,0,0
105,-21,-24,30,4526261,2112883,1253,0,15044626,0,0,0,33.882735,116580,105210,29322,4509,19146,3320,2842,561,0,0,0,0,0,0,0,0,0,-1,83268.557,-1,0,0,0,0,0,0,0,0,0,0,0,0,0,0,0,0,0,0,0,0,0,0,0,0,0
106,-18,-24,30,4509917,2106749,1268,0,15046958,0,0,0,33.925401,115980,104610,29035,4637,18591,3227,2967,517,0,0,0,0,0,0,0,0,0,-1,83303.754,-1,0,0,0,0,0,0,0,0,0,0,0,0,0,0,0,0,0,0,0,0,0,0,0,0,0
107,-15,-24,30,4506665,2103778,1120,0,15047994,0,0,0,33.960462,113490,102480,28772,4700,17869,3167,2901,576,0,0,0,0,0,0,0,0,0,-1,83338.951,-1,0,0,0,0,0,0,0,0,0,0,0,0,0,0,0,0,0,0,0,0,0,0,0,0,0
108,-12,-24,30,4494710,2105071,1288,0,15044703,0,0,0,33.941943,114930,103740,29138,4781,16979,3058,2918,586,0,0,0,0,0,0,0,0,0,-1,83374.094,-1,0,0,0,0,0,0,0,0,0,0,0,0,0,0,0,0,0,0,0,0,0,0,0,0,0
109,-9,-24,30,4501621,2094331,1281,0,15043086,0,0,0,34.017293,112350,101700,29243,4784,16504,2979,2997,605,0,0,0,0,0,0,0,0,0,-1,83409.415,-1,0,0,0,0,0,0,0,0,0,0,0,0,0,0,0,0,0,0,0,0,0,0,0,0,0
110,-6,-24,30,4554808,2113819,1207,0,15045355,0,0,0,34.105145,112470,101790,29584,4895,15589,2918,3149,618,0,0,0,0,0,0,0,0,0,-1,83444.735,-1,0,0,0,0,0,0,0,0,0,0,0,0,0,0,0,0,0,0,0,0,0,0,0,0,0
111,-3,-24,30,4531656,2107509,1133,0,15043473,0,0,0,33.954989,111930,101370,29339,4803,14728,2632,3044,729,0,0,0,0,0,0,0,0,0,-1,83479.939,-1,0,0,0,0,0,0,0,0,0,0,0,0,0,0,0,0,0,0,0,0,0,0,0,0,0
112,0,-24,30,4530762,2107887,1102,0,15044037,0,0,0,33.900551,112350,101670,28786,4989,13952,2622,3026,718,0,0,0,0,0,0,0,0,0,-1,83515.05,-1,0,0,0,0,0,0,0,0,0,0,0,0,0,0,0,0,0,0,0,0,0,0,0,0,0
113,3,-24,30,4529942,2100123,1207,0,15038963,0,0,0,33.909101,110910,100500,28661,4920,13171,2450,3031,766,0,0,0,0,0,0,0,0,0,-1,83550.212,-1,0,0,0,0,0,0,0,0,0,0,0,0,0,0,0,0,0,0,0,0,0,0,0,0,0
114,6,-24,30,4530041,2106249,1126,0,15040245,0,0,0,33.917348,111030,100620,28947,4881,12698,2323,3019,747,0,0,0,0,0,0,0,0,0,-1,83585.394,-1,0,0,0,0,0,0,0,0,0,0,0,0,0,0,0,0,0,0,0,0,0,0,0,0,0
115,9,-24,30,4528639,2104752,1197,0,15035910,0,0,0,34.107997,107310,97380,28091,4997,11878,2270,3101,805,0,0,0,0,0,0,0,0,0,-1,83620.788,-1,0,0,0,0,0,0,0,0,0,0,0,0,0,0,0,0,0,0,0,0,0,0,0,0,0
116,12,-24,30,4522157,2104850,1190,0,15039436,0,0,0,33.980625,106770,97140,27628,5035,11245,2127,3098,832,0,0,0,0,0,0,0,0,0,-1,83656.059,-1,0,0,0,0,0,0,0,0,0,0,0,0,0,0,0,0,0,0,0,0,0,0,0,0,0
117,15,-24,30,4513343,2101165,1195,0,15031439,0,0,0,33.873904,107220,97560,27475,5083,10609,1945,2997,876,0,0,0,0,0,0,0,0,0,-1,83691.204,-1,0,0,0,0,0,0,0,0,0,0,0,0,0,0,0,0,0,0,0,0,0,0,0,0,0
118,18,-24,30,4527310,2113247,1100,0,15023295,0,0,0,33.989465,104790,95490,27244,5001,9948,1933,2970,877,0,0,0,0,0,0,0,0,0,-1,83726.422,-1,0,0,0,0,0,0,0,0,0,0,0,0,0,0,0,0,0,0,0,0,0,0,0,0,0
119,21,-24,30,4547046,2119931,1137,0,14992194,0,0,0,34.003134,104610,95100,27132,5009,9403,1760,2968,878,0,0,0,0,0,0,0,0,0,-1,83761.649,-1,0,0,0,0,0,0,0,0,0,0,0,0,0,0,0,0,0,0,0,0,0,0,0,0,0
120,24,-24,30,4539554,2107597,1089,0,14967163,0,0,0,34.090484,102330,93150,26405,5124,8756,1699,3035,912,0,0,0,0,0,0,0,0,0,-1,83796.963,-1,0,0,0,0,0,0,0,0,0,0,0,0,0,0,0,0,0,0,0,0,0,0,0,0,0
128,-27,-21,30,4536329,2117204,1089,0,15023829,0,0,0,33.9205,118530,106680,30701,4789,19061,3519,3008,533,0,0,0,0,0,0,0,0,0,-1,83836.832,-1,0,0,0,0,0,0,0,0,0,0,0,0,0,0,0,0,0,0,0,0,0,0,0,0,0
129,-24,-21,30,4525298,2126505,1163,0,15025657,0,0,0,33.899923,119460,107520,31709,4707,18720,3276,2965,477,0,0,0,0,0,0,0,0,0,-1,83871.957,-1,0,0,0,0,0,0,0,0,0,0,0,0,0,0,0,0,0,0,0,0,0,0,0,0,0
130,-21,-21,30,4518257,2122715,1183,0,15034659,0,0,0,33.872313,118350,106710,31587,4744,17967,3236,3048,507,0,0,0,0,0,0,0,0,0,-1,83907.094,-1,0,0,0,0,0,0,0,0,0,0,0,0,0,0,0,0,0,0,0,0,0,0,0,0,0
131,-18,-21,30,4505613,2119596,1239,0,15048043,0,0,0,33.944582,118530,106470,31545,4897,17286,3113,3092,542,0,0,0,0,0,0,0,0,0,-1,83942.299,-1,0,0,0,0,0,0,0,0,0,0,0,0,0,0,0,0,0,0,0,0,0,0,0,0,0
132,-15,-21,30,4503516,2117877,1207,0,15047253,0,0,0,33.906644,117960,106320,31738,4910,16785,2990,3078,569,0,0,0,0,0,0,0,0,0,-1,83977.445,-1,0,0,0,0,0,0,0,0,0,0,0,0,0,0,0,0,0,0,0,0,0,0,0,0,0
133,-12,-21,30,4499920,2115937,1244,0,15037390,0,0,0,33.992051,116100,104730,32194,5026,16228,2858,3176,600,0,0,0,0,0,0,0,0,0,-1,84012.644,-1,0,0,0,0,0,0,0,0,0,0,0,0,0,0,0,0,0,0,0,0,0,0,0,0,0
134,-9,-21,30,4535983,2144392,1245,0,15039380,0,0,0,33.983294,116580,105180,32212,5111,15622,2901,3251,623,0,0,0,0,0,0,0,0,0,-1,84047.869,-1,0,0,0,0,0,0,0,0,0,0,0,0,0,0,0,0,0,0,0,0,0,0,0,0,0
135,-6,-21,30,4540855,2136793,1158,0,15045889,0,0,0,34.078792,115410,104160,32294,5161,14931,2618,3235,646,0,0,0,0,0,0,0,0,0,-1,84083.162,-1,0,0,0,0,0,0,0,0,0,0,0,0,0,0,0,0,0,0,0,0,0,0,0,0,0
136,-3,-21,30,4539783,2131609,1081,0,15037586,0,0,0,34.140013,114420,103230,32004,5214,14162,2618,3293,670,0,0,0,0,0,0,0,0,0,-1,84118.532,-1,0,0,0,0,0,0,0,0,0,0,0,0,0,0,0,0,0,0,0,0,0,0,0,0,0
137,0,-21,30,4528326,2119823,1151,0,15028293,0,0,0,33.899389,116130,104760,31585,5444,13665,2395,3263,671,0,0,0,0,0,0,0,0,0,-1,84153.698,-1,0,0,0,0,0,0,0,0,0,0,0,0,0,0,0,0,0,0,0,0,0,0,0,0,0
138,3,-21,30,4524170,2107832,1370,0,15032784,0,0,0,33.966338,112080,101370,31228,5289,12619,2341,3215,720,0,0,0,0,0,0,0,0,0,-1,84188.908,-1,0,0,0,0,0,0,0,0,0,0,0,0,0,0,0,0,0,0,0,0,0,0,0,0,0
139,6,-21,30,4520335,2108112,1239,0,15035735,0,0,0,33.903318,113640,102750,31031,5316,11988,2238,3261,727,0,0,0,0,0,0,0,0,0,-1,84224.073,-1,0,0,0,0,0,0,0,0,0,0,0,0,0,0,0,0,0,0,0,0,0,0,0,0,0
140,9,-21,30,4521276,2108154,1256,0,15037254,0,0,0,33.933637,112590,101910,30998,5376,11359,2033,3234,733,0,0,0,0,0,0,0,0,0,-1,84259.245,-1,0,0,0,0,0,0,0,0,0,0,0,0,0,0,0,0,0,0,0,0,0,0,0,0,0
141,12,-21,30,4512860,2104313,1437,0,15037603,0,0,0,33.975097,109260,99000,30278,5193,10685,1961,3200,778,0,0,0,0,0,0,0,0,0,-1,84294.446,-1,0,0,0,0,0,0,0,0,0,0,0,0,0,0,0,0,0,0,0,0,0,0,0,0,0
142,15,-21,30,4536440,2118992,1133,0,15030905,0,0,0,33.951726,108660,98520,30181,5183,10047,1942,3133,794,0,0,0,0,0,0,0,0,0,-1,84329.64,-1,0,0,0,0,0,0,0,0,0,0,0,0,0,0,0,0,0,0,0,0,0,0,0,0,0
143,18,-21,30,4541285,2125284,1285,0,15009361,0,0,0,33.915701,109530,99210,29540,5339,9543,1826,3206,842,0,0,0,0,0,0,0,0,0,-1,84364.843,-1,0,0,0,0,0,0,0,0,0,0,0,0,0,0,0,0,0,0,0,0,0,0,0,0,0
144,21,-21,30,4531463,2108880,1142,0,14980598,0,0,0,33.916003,107520,97770,29052,5246,8787,1657,3176,890,0,0,0,0,0,0,0,0,0,-1,84399.968,-1,0,0,0,0,0,0,0,0,0,0,0,0,0,0,0,0,0,0,0,0,0,0,0,0,0
145,24,-21,30,4525720,2122466,1047,0,14955037,0,0,0,33.905545,107580,97770,28916,5239,8563,1582,3127,891,0,0,0,0,0,0,0,0,0,-1,84435.115,-1,0,0,0,0,0,0,0,0,0,0,0,0,0,0,0,0,0,0,0,0,0,0,0,0,0
146,27,-21,30,4515445,2100831,1131,0,14915284,0,0,0,33.894954,105120,95550,28095,5128,7873,1451,3072,907,0,0,0,0,0,0,0,0,0,-1,84470.245,-1,0,0,0,0,0,0,0,0,0,0,0,0,0,0,0,0,0,0,0,0,0,0,0,0,0
152,-30,-18,30,4514985,2117960,1158,0,15013838,0,0,0,33.914994,120780,108810,33403,4883,18506,3315,3149,579,0,0,0,0,0,0,0,0,0,-1,84510.779,-1,0,0,0,0,0,0,0,0,0,0,0,0,0,0,0,0,0,0,0,0,0,0,0,0,0
153,-27,-18,30,4504847,2112445,1427,0,15004764,0,0,0,33.965318,117900,105840,33197,4836,17881,3186,3110,443,0,0,0,0,0,0,0,0,0,-1,84545.968,-1,0,0,0,0,0,0,0,0,0,0,0,0,0,0,0,0,0,0,0,0,0,0,0,0,0
154,-24,-18,30,4502543,2109192,1121,0,15018532,0,0,0,33.980973,117720,105990,33860,4950,17467,3056,3241,489,0,0,0,0,0,0,0,0,0,-1,84581.176,-1,0,0,0,0,0,0,0,0,0,0,0,0,0,0,0,0,0,0,0,0,0,0,0,0,0
155,-21,-18,30,4514279,2112955,1125,0,15031513,0,0,0,33.921145,120480,108480,34100,5075,17073,2980,3195,477,0,0,0,0,0,0,0,0,0,-1,84616.365,-1,0,0,0,0,0,0,0,0,0,0,0,0,0,0,0,0,0,0,0,0,0,0,0,0,0
156,-18,-18,30,4547585,2129112,1183,0,15040321,0,0,0,34.093186,118560,106950,34567,5190,16322,3074,3217,570,0,0,0,0,0,0,0,0,0,-1,84651.738,-1,0,0,0,0,0,0,0,0,0,0,0,0,0,0,0,0,0,0,0,0,0,0,0,0,0
157,-15,-18,30,4530150,2088498,1080,0,15039352,0,0,0,33.915968,118350,106650,33871,5245,15672,2858,3262,532,0,0,0,0,0,0,0,0,0,-1,84686.93,-1,0,0,0,0,0,0,0,0,0,0,0,0,0,0,0,0,0,0,0,0,0,0,0,0,0
158,-12,-18,30,4521390,2107325,1151,0,15029809,0,0,0,33.988341,117600,105930,34238,5264,15321,2802,3385,609,0,0,0,0,0,0,0,0,0,-1,84722.157,-1,0,0,0,0,0,0,0,0,0,0,0,0,0,0,0,0,0,0,0,0,0,0,0,0,0
159,-9,-18,30,4508220,2087507,1109,0,15032806,0,0,0,33.914672,117660,106080,34205,5362,14196,2563,3399,592,0,0,0,0,0,0,0,0,0,-1,84757.321,-1,0,0,0,0,0,0,0,0,0,0,0,0,0,0,0,0,0,0,0,0,0,0,0,0,0
160,-6,-18,30,4507197,2103491,1008,0,15031311,0,0,0,34.195654,115170,103740,34199,5345,13837,2472,3385,581,0,0,0,0,0,0,0,0,0,-1,84792.757,-1,0,0,0,0,0,0,0,0,0,0,0,0,0,0,0,0,0,0,0,0,0,0,0,0,0
161,-3,-18,30,4502337,2098853,1065,0,15026093,0,0,0,33.905737,117660,106140,34190,5555,13254,2469,3537,666,0,0,0,0,0,0,0,0,0,-1,84827.909,-1,0,0,0,0,0,0,0,0,0,0,0,0,0,0,0,0,0,0,0,0,0,0,0,0,0
162,0,-18,30,4497692,2102068,1137,0,15012601,0,0,0,33.971568,115350,104160,34245,5530,12649,2275,3405,657,0,0,0,0,0,0,0,0,0,-1,84863.123,-1,0,0,0,0,0,0,0,0,0,0,0,0,0,0,0,0,0,0,0,0,0,0,0,0,0
163,3,-18,30,4489652,2097506,1112,0,15015768,0,0,0,33.850676,115740,104460,33558,5494,11909,2236,3414,692,0,0,0,0,0,0,0,0,0,-1,84898.198,-1,0,0,0,0,0,0,0,0,0,0,0,0,0,0,0,0,0,0,0,0,0,0,0,0,0
164,6,-18,30,4527763,2117203,805,0,15025226,0,0,0,33.907166,116730,105180,33915,5551,11528,2153,3444,723,0,0,0,0,0,0,0,0,0,-1,84933.404,-1,0,0,0,0,0,0,0,0,0,0,0,0,0,0,0,0,0,0,0,0,0,0,0,0,0
165,9,-18,30,4526618,2083095,769,0,15029617,0,0,0,34.007265,111750,100860,33073,5257,10707,1986,3385,751,0,0,0,0,0,0,0,0,0,-1,84968.667,-1,0,0,0,0,0,0,0,0,0,0,0,0,0,0,0,0,0,0,0,0,0,0,0,0,0
166,12,-18,30,4514213,2021963,908,0,15033926,0,0,0,33.898072,108690,98580,31742,5456,9807,1732,3240,726,0,0,0,0,0,0,0,0,0,-1,85003.806,-1,0,0,0,0,0,0,0,0,0,0,0,0,0,0,0,0,0,0,0,0,0,0,0,0,0
167,15,-18,30,4526127,2084824,766,0,15023851,0,0,0,33.990456,109230,99090,32474,5434,9508,1741,3347,792,0,0,0,0,0,0,0,0,0,-1,85039.046,-1,0,0,0,0,0,0,0,0,0,0,0,0,0,0,0,0,0,0,0,0,0,0,0,0,0
168,18,-18,30,4529104,2100345,1121,0,14999653,0,0,0,34.122589,108630,98580,31883,5529,9071,1721,3417,869,0,0,0,0,0,0,0,0,0,-1,85074.383,-1,0,0,0,0,0,0,0,0,0,0,0,0,0,0,0,0,0,0,0,0,0,0,0,0,0
169,21,-18,30,4518157,2074934,1087,0,14973765,0,0,0,34.059897,106560,96720,30881,5480,8334,1619,3441,796,0,0,0,0,0,0,0,0,0,-1,85109.639,-1,0,0,0,0,0,0,0,0,0,0,0,0,0,0,0,0,0,0,0,0,0,0,0,0,0
170,24,-18,30,4509583,2082066,1017,0,14965551,0,0,0,33.987741,105780,96120,30321,5346,7951,1510,3281,820,0,0,0,0,0,0,0,0,0,-1,85144.909,-1,0,0,0,0,0,0,0,0,0,0,0,0,0,0,0,0,0,0,0,0,0,0,0,0,0
171,27,-18,30,4510116,2090815,1177,0,14939956,0,0,0,33.960104,104430,95010,30006,5325,7451,1425,3114,858,0,0,0,0,0,0,0,0,0,-1,85180.122,-1,0,0,0,0,0,0,0,0,0,0,0,0,0,0,0,0,0,0,0,0,0,0,0,0,0
172,30,-18,30,4507632,2095233,1155,0,14891245,0,0,0,34.064074,103020,93900,29312,5207,6954,1315,3168,886,0,0,0,0,0,0,0,0,0,-1,85215.486,-1,0,0,0,0,0,0,0,0,0,0,0,0,0,0,0,0,0,0,0,0,0,0,0,0,0
177,-30,-15,30,4538401,2096975,1042,0,14998593,0,0,0,33.909969,120600,108360,35352,5180,17056,3078,3315,410,0,0,0,0,0,0,0,0,0,-1,85256.346,-1,0,0,0,0,0,0,0,0,0,0,0,0,0,0,0,0,0,0,0,0,0,0,0,0,0
178,-27,-15,30,4515148,2039350,1043,0,15006240,0,0,0,33.967173,116040,104610,35079,5200,16247,2888,3331,463,0,0,0,0,0,0,0,0,0,-1,85291.597,-1,0,0,0,0,0,0,0,0,0,0,0,0,0,0,0,0,0,0,0,0,0,0,0,0,0
179,-24,-15,30,4533948,2107348,1073,0,15022016,0,0,0,33.908289,122010,109680,36651,5307,16220,2899,3365,435,0,0,0,0,0,0,0,0,0,-1,85326.697,-1,0,0,0,0,0,0,0,0,0,0,0,0,0,0,0,0,0,0,0,0,0,0,0,0,0
180,-21,-15,30,4504039,2005058,1022,0,15032702,0,0,0,33.973009,114150,102900,35145,5241,15006,2635,3292,473,0,0,0,0,0,0,0,0,0,-1,85361.962,-1,0,0,0,0,0,0,0,0,0,0,0,0,0,0,0,0,0,0,0,0,0,0,0,0,0
181,-18,-15,30,4511198,2089311,892,0,15034429,0,0,0,33.974664,118650,106710,36477,5371,15255,2756,3521,509,0,0,0,0,0,0,0,0,0,-1,85397.161,-1,0,0,0,0,0,0,0,0,0,0,0,0,0,0,0,0,0,0,0,0,0,0,0,0,0
182,-15,-15,30,4510408,2117112,797,0,15029054,0,0,0,34.053255,120600,108540,37194,5650,14845,2698,3635,493,0,0,0,0,0,0,0,0,0,-1,85432.449,-1,0,0,0,0,0,0,0,0,0,0,0,0,0,0,0,0,0,0,0,0,0,0,0,0,0
183,-12,-15,30,4507755,2111801,861,0,15025466,0,0,0,34.036084,119760,107550,37129,5490,13914,2551,3510,555,0,0,0,0,0,0,0,0,0,-1,85467.718,-1,0,0,0,0,0,0,0,0,0,0,0,0,0,0,0,0,0,0,0,0,0,0,0,0,0
184,-9,-15,30,4499270,2099878,954,0,15018891,0,0,0,33.965914,119850,107670,37286,5668,13592,2506,3656,596,0,0,0,0,0,0,0,0,0,-1,85502.984,-1,0,0,0,0,0,0,0,0,0,0,0,0,0,0,0,0,0,0,0,0,0,0,0,0,0
185,-6,-15,30,4547026,2119761,894,0,15014018,0,0,0,33.916072,122220,109800,37481,5772,13081,2353,3675,603,0,0,0,0,0,0,0,0,0,-1,85538.137,-1,0,0,0,0,0,0,0,0,0,0,0,0,0,0,0,0,0,0,0,0,0,0,0,0,0
186,-3,-15,30,4541497,2117080,1159,0,15012831,0,0,0,33.910789,121440,109350,37669,5803,12624,2262,3605,634,0,0,0,0,0,0,0,0,0,-1,85573.294,-1,0,0,0,0,0,0,0,0,0,0,0,0,0,0,0,0,0,0,0,0,0,0,0,0,0
187,0,-15,30,4536373,2112947,1085,0,15005919,0,0,0,33.972995,118770,106830,37389,5664,11935,2273,3532,661,0,0,0,0,0,0,0,0,0,-1,85608.505,-1,0,0,0,0,0,0,0,0,0,0,0,0,0,0,0,0,0,0,0,0,0,0,0,0,0
188,3,-15,30,4529570,2109728,1082,0,15009611,0,0,0,34.119527,117930,106050,37052,5919,11413,2075,3626,689,0,0,0,0,0,0,0,0,0,-1,85643.884,-1,0,0,0,0,0,0,0,0,0,0,0,0,0,0,0,0,0,0,0,0,0,0,0,0,0
189,6,-15,30,4521690,2109090,1132,0,15018938,0,0,0,33.971493,116460,105150,36616,5820,10654,1955,3631,681,0,0,0,0,0,0,0,0,0,-1,85679.085,-1,0,0,0,0,0,0,0,0,0,0,0,0,0,0,0,0,0,0,0,0,0,0,0,0,0
190,9,-15,30,4528604,2107007,1095,0,15030983,0,0,0,34.057657,115350,103860,35967,5844,10081,1795,3589,736,0,0,0,0,0,0,0,0,0,-1,85714.384,-1,0,0,0,0,0,0,0,0,0,0,0,0,0,0,0,0,0,0,0,0,0,0,0,0,0
191,12,-15,30,4517433,2102491,1057,0,15021130,0,0,0,34.063127,114030,102870,35555,5716,9542,1819,3664,711,0,0,0,0,0,0,0,0,0,-1,85749.692,-1,0,0,0,0,0,0,0,0,0,0,0,0,0,0,0,0,0,0,0,0,0,0,0,0,0
192,15,-15,30,4510887,2099757,1232,0,15017253,0,0,0,34.131215,112920,102000,35119,5827,9051,1631,3553,784,0,0,0,0,0,0,0,0,0,-1,85785.063,-1,0,0,0,0,0,0,0,0,0,0,0,0,0,0,0,0,0,0,0,0,0,0,0,0,0
193,18,-15,30,4521454,2110199,1208,0,15003412,0,0,0,33.904328,114000,103020,34514,5858,8589,1568,3630,810,0,0,0,0,0,0,0,0,0,-1,85820.242,-1,0,0,0,0,0,0,0,0,0,0,0,0,0,0,0,0,0,0,0,0,0,0,0,0,0
194,21,-15,30,4551756,2129988,1051,0,14991947,0,0,0,33.900411,114060,102840,34405,5772,8262,1486,3551,838,0,0,0,0,0,0,0,0,0,-1,85855.405,-1,0,0,0,0,0,0,0,0,0,0,0,0,0,0,0,0,0,0,0,0,0,0,0,0,0
195,24,-15,30,4532134,2126194,1093,0,14986540,0,0,0,33.902928,111720,101100,33793,5665,7802,1404,3451,857,0,0,0,0,0,0,0,0,0,-1,85890.543,-1,0,0,0,0,0,0,0,0,0,0,0,0,0,0,0,0,0,0,0,0,0,0,0,0,0
196,27,-15,30,4525311,2122809,1120,0,14943689,0,0,0,33.890512,110670,100080,32458,5681,7272,1369,3474,840,0,0,0,0,0,0,0,0,0,-1,85925.687,-1,0,0,0,0,0,0,0,0,0,0,0,0,0,0,0,0,0,0,0,0,0,0,0,0,0
197,30,-15,30,4516060,2121574,1163,0,14890595,0,0,0,33.990816,107910,97800,32107,5572,6879,1280,3338,915,0,0,0,0,0,0,0,0,0,-1,85960.931,-1,0,0,0,0,0,0,0,0,0,0,0,0,0,0,0,0,0,0,0,0,0,0,0,0,0
201,-33,-12,30,4516497,2119098,1171,0,15012999,0,0,0,33.855429,39600,38070,115,71,51,54,81,121,0,0,0,0,0,0,0,0,0,-1,86001.994,-1,0,0,0,0,0,0,0,0,0,0,0,0,0,0,0,0,0,0,0,0,0,0,0,0,0
202,-30,-12,30,4508441,2117707,1161,0,15001032,0,0,0,33.948979,121980,109350,38654,5566,15916,2791,3551,405,0,0,0,0,0,0,0,0,0,-1,86037.208,-1,0,0,0,0,0,0,0,0,0,0,0,0,0,0,0,0,0,0,0,0,0,0,0,0,0
203,-27,-12,30,4490461,2115090,1152,0,15010364,0,0,0,34.082992,122520,109740,39241,5619,15622,2733,3775,374,0,0,0,0,0,0,0,0,0,-1,86072.531,-1,0,0,0,0,0,0,0,0,0,0,0,0,0,0,0,0,0,0,0,0,0,0,0,0,0
204,-24,-12,30,4487012,2104662,1386,0,15029681,0,0,0,34.14024,122220,109740,39697,5666,15035,2764,3609,459,0,0,0,0,0,0,0,0,0,-1,86107.882,-1,0,0,0,0,0,0,0,0,0,0,0,0,0,0,0,0,0,0,0,0,0,0,0,0,0
205,-21,-12,30,4537211,2124690,1033,0,15023291,0,0,0,34.097349,123810,110910,40484,5704,14879,2720,3612,500,0,0,0,0,0,0,0,0,0,-1,86143.182,-1,0,0,0,0,0,0,0,0,0,0,0,0,0,0,0,0,0,0,0,0,0,0,0,0,0
206,-18,-12,30,4522290,2122758,1054,0,15028186,0,0,0,33.905854,125820,112500,40298,5938,14204,2623,3788,519,0,0,0,0,0,0,0,0,0,-1,86178.302,-1,0,0,0,0,0,0,0,0,0,0,0,0,0,0,0,0,0,0,0,0,0,0,0,0,0
207,-15,-12,30,4513881,2121081,1011,0,15021708,0,0,0,33.975008,124080,111180,40515,5903,13911,2484,3827,478,0,0,0,0,0,0,0,0,0,-1,86213.503,-1,0,0,0,0,0,0,0,0,0,0,0,0,0,0,0,0,0,0,0,0,0,0,0,0,0
208,-12,-12,30,4509016,2116687,1050,0,15006781,0,0,0,34.009228,123570,110670,41152,6075,13106,2436,3823,510,0,0,0,0,0,0,0,0,0,-1,86248.775,-1,0,0,0,0,0,0,0,0,0,0,0,0,0,0,0,0,0,0,0,0,0,0,0,0,0
209,-9,-12,30,4503004,2114674,1025,0,15005967,0,0,0,33.942409,124890,111720,40780,6049,12737,2358,3900,566,0,0,0,0,0,0,0,0,0,-1,86283.971,-1,0,0,0,0,0,0,0,0,0,0,0,0,0,0,0,0,0,0,0,0,0,0,0,0,0
210,-6,-12,30,4501078,2108133,972,0,14997891,0,0,0,33.926598,124680,111780,40578,6253,12326,2235,3950,579,0,0,0,0,0,0,0,0,0,-1,86319.156,-1,0,0,0,0,0,0,0,0,0,0,0,0,0,0,0,0,0,0,0,0,0,0,0,0,0
211,-3,-12,30,4505145,2098619,1010,0,14993402,0,0,0,33.978036,121680,109230,40528,6149,11704,2240,3907,632,0,0,0,0,0,0,0,0,0,-1,86354.388,-1,0,0,0,0,0,0,0,0,0,0,0,0,0,0,0,0,0,0,0,0,0,0,0,0,0
212,0,-12,30,4496910,2091318,951,0,15015836,0,0,0,33.953759,122730,110190,39927,6135,11196,2079,3858,701,0,0,0,0,0,0,0,0,0,-1,86389.606,-1,0,0,0,0,0,0,0,0,0,0,0,0,0,0,0,0,0,0,0,0,0,0,0,0,0
213,3,-12,30,4517410,2100972,786,0,15009791,0,0,0,33.941861,122070,109680,39968,6055,10451,1946,3956,685,0,0,0,0,0,0,0,0,0,-1,86424.802,-1,0,0,0,0,0,0,0,0,0,0,0,0,0,0,0,0,0,0,0,0,0,0,0,0,0
214,6,-12,30,4544317,2113625,907,0,15014758,0,0,0,33.98716,120390,108150,39903,6274,10119,1846,3980,665,0,0,0,0,0,0,0,0,0,-1,86460.031,-1,0,0,0,0,0,0,0,0,0,0,0,0,0,0,0,0,0,0,0,0,0,0,0,0,0
215,9,-12,30,4540047,2110448,920,0,15012971,0,0,0,33.967006,119100,107100,39542,6277,9511,1757,3946,655,0,0,0,0,0,0,0,0,0,-1,86495.233,-1,0,0,0,0,0,0,0,0,0,0,0,0,0,0,0,0,0,0,0,0,0,0,0,0,0
216,12,-12,30,4523720,2105095,1019,0,15010964,0,0,0,33.939628,119430,107400,38443,6139,8976,1653,3824,681,0,0,0,0,0,0,0,0,0,-1,86530.397,-1,0,0,0,0,0,0,0,0,0,0,0,0,0,0,0,0,0,0,0,0,0,0,0,0,0
217,15,-12,30,4499239,2103697,1075,0,15020581,0,0,0,33.949755,116400,104820,38030,6105,8609,1628,3751,658,0,0,0,0,0,0,0,0,0,-1,86565.6,-1,0,0,0,0,0,0,0,0,0,0,0,0,0,0,0,0,0,0,0,0,0,0,0,0,0
218,18,-12,30,4499168,2098086,1041,0,15010547,0,0,0,33.921859,116820,105240,37472,5950,8225,1545,3703,705,0,0,0,0,0,0,0,0,0,-1,86600.78,-1,0,0,0,0,0,0,0,0,0,0,0,0,0,0,0,0,0,0,0,0,0,0,0,0,0
219,21,-12,30,4491288,2051688,1039,0,14990981,0,0,0,33.923668,112470,101730,35920,5996,7385,1383,3698,768,0,0,0,0,0,0,0,0,0,-1,86635.969,-1,0,0,0,0,0,0,0,0,0,0,0,0,0,0,0,0,0,0,0,0,0,0,0,0,0
220,24,-12,30,4502822,2075295,1093,0,14979751,0,0,0,34.143852,110100,99780,35573,5995,7040,1434,3668,761,0,0,0,0,0,0,0,0,0,-1,86671.359,-1,0,0,0,0,0,0,0,0,0,0,0,0,0,0,0,0,0,0,0,0,0,0,0,0,0
221,27,-12,30,4486226,2052767,930,0,14931289,0,0,0,33.984312,108330,98130,34503,5904,6691,1298,3578,785,0,0,0,0,0,0,0,0,0,-1,86706.55,-1,0,0,0,0,0,0,0,0,0,0,0,0,0,0,0,0,0,0,0,0,0,0,0,0,0
222,30,-12,30,4534903,2098837,988,0,14899814,0,0,0,33.981583,109590,99300,34325,5830,6598,1233,3658,859,0,0,0,0,0,0,0,0,0,-1,86741.742,-1,0,0,0,0,0,0,0,0,0,0,0,0,0,0,0,0,0,0,0,0,0,0,0,0,0
223,33,-12,30,4531117,2088672,1047,0,14866993,0,0,0,33.894093,108450,98280,33251,5854,5943,1198,3599,816,0,0,0,0,0,0,0,0,0,-1,86776.884,-1,0,0,0,0,0,0,0,0,0,0,0,0,0,0,0,0,0,0,0,0,0,0,0,0,0
226,-33,-9,30,4500916,1986759,1180,0,15000681,0,0,0,34.076622,36150,34860,111,78,53,49,71,101,0,0,0,0,0,0,0,0,0,-1,86818.465,-1,0,0,0,0,0,0,0,0,0,0,0,0,0,0,0,0,0,0,0,0,0,0,0,0,0
227,-30,-9,30,4507276,2073689,1013,0,15002307,0,0,0,34.082896,121860,109290,41520,5834,14458,2686,3823,351,0,0,0,0,0,0,0,0,0,-1,86853.784,-1,0,0,0,0,0,0,0,0,0,0,0,0,0,0,0,0,0,0,0,0,0,0,0,0,0
228,-27,-9,30,4488505,2030068,1076,0,15015394,0,0,0,33.988078,120690,108180,41083,5726,13862,2508,3804,336,0,0,0,0,0,0,0,0,0,-1,86889.035,-1,0,0,0,0,0,0,0,0,0,0,0,0,0,0,0,0,0,0,0,0,0,0,0,0,0
229,-24,-9,30,4486138,2029037,999,0,15017429,0,0,0,34.227886,120450,108090,41400,5884,13510,2557,3864,430,0,0,0,0,0,0,0,0,0,-1,86924.54,-1,0,0,0,0,0,0,0,0,0,0,0,0,0,0,0,0,0,0,0,0,0,0,0,0,0
230,-21,-9,30,4470614,2030259,1162,0,15009253,0,0,0,33.97906,121650,109230,42061,5960,13300,2395,3857,403,0,0,0,0,0,0,0,0,0,-1,86959.756,-1,0,0,0,0,0,0,0,0,0,0,0,0,0,0,0,0,0,0,0,0,0,0,0,0,0
231,-18,-9,30,4472271,2075619,1051,0,15012715,0,0,0,33.988154,124890,111690,42999,6252,12897,2393,4105,464,0,0,0,0,0,0,0,0,0,-1,86995.006,-1,0,0,0,0,0,0,0,0,0,0,0,0,0,0,0,0,0,0,0,0,0,0,0,0,0
232,-15,-9,30,4502761,2090374,1043,0,15001904,0,0,0,34.169568,125370,112050,43612,6319,12877,2318,4159,484,0,0,0,0,0,0,0,0,0,-1,87030.418,-1,0,0,0,0,0,0,0,0,0,0,0,0,0,0,0,0,0,0,0,0,0,0,0,0,0
233,-12,-9,30,4515983,2098721,1055,0,14988944,0,0,0,33.982396,126570,112950,43867,6499,12425,2291,4156,457,0,0,0,0,0,0,0,0,0,-1,87065.671,-1,0,0,0,0,0,0,0,0,0,0,0,0,0,0,0,0,0,0,0,0,0,0,0,0,0
234,-9,-9,30,4510478,2092684,1096,0,14992695,0,0,0,33.87807,127950,114420,43939,6308,11978,2258,4193,500,0,0,0,0,0,0,0,0,0,-1,87100.77,-1,0,0,0,0,0,0,0,0,0,0,0,0,0,0,0,0,0,0,0,0,0,0,0,0,0
235,-6,-9,30,4520188,2087942,1073,0,14986102,0,0,0,33.922618,126930,113430,43375,6734,11311,2127,4219,555,0,0,0,0,0,0,0,0,0,-1,87135.933,-1,0,0,0,0,0,0,0,0,0,0,0,0,0,0,0,0,0,0,0,0,0,0,0,0,0
236,-3,-9,30,4510444,2038272,1043,0,14991046,0,0,0,33.911858,123120,110490,42773,6319,10534,1902,4036,601,0,0,0,0,0,0,0,0,0,-1,87171.076,-1,0,0,0,0,0,0,0,0,0,0,0,0,0,0,0,0,0,0,0,0,0,0,0,0,0
237,0,-9,30,4502008,2013965,1126,0,14991739,0,0,0,33.937284,121440,109080,41995,6265,10170,1930,4055,604,0,0,0,0,0,0,0,0,0,-1,87206.268,-1,0,0,0,0,0,0,0,0,0,0,0,0,0,0,0,0,0,0,0,0,0,0,0,0,0
238,3,-9,30,4509340,2068654,1017,0,14986785,0,0,0,33.952581,124020,111150,42632,6440,10034,1926,4132,598,0,0,0,0,0,0,0,0,0,-1,87241.468,-1,0,0,0,0,0,0,0,0,0,0,0,0,0,0,0,0,0,0,0,0,0,0,0,0,0
239,6,-9,30,4486163,2002538,972,0,14990991,0,0,0,34.070426,117420,105540,41240,6398,9148,1671,4015,626,0,0,0,0,0,0,0,0,0,-1,87276.779,-1,0,0,0,0,0,0,0,0,0,0,0,0,0,0,0,0,0,0,0,0,0,0,0,0,0
240,9,-9,30,4491513,2028580,915,0,15000098,0,0,0,33.979085,117840,105930,41043,6256,8565,1603,3995,669,0,0,0,0,0,0,0,0,0,-1,87312.054,-1,0,0,0,0,0,0,0,0,0,0,0,0,0,0,0,0,0,0,0,0,0,0,0,0,0
241,12,-9,30,4538382,2101049,656,0,15004785,0,0,0,33.831996,123030,110220,41817,6482,8515,1596,4106,705,0,0,0,0,0,0,0,0,0,-1,87347.123,-1,0,0,0,0,0,0,0,0,0,0,0,0,0,0,0,0,0,0,0,0,0,0,0,0,0
242,15,-9,30,4537871,2093510,748,0,15009536,0,0,0,33.796503,121050,108870,41275,6426,8215,1565,3984,727,0,0,0,0,0,0,0,0,0,-1,87382.145,-1,0,0,0,0,0,0,0,0,0,0,0,0,0,0,0,0,0,0,0,0,0,0,0,0,0
243,18,-9,30,4525431,2076016,1086,0,14999994,0,0,0,33.830805,118470,106590,39716,6257,7618,1453,3856,739,0,0,0,0,0,0,0,0,0,-1,87417.209,-1,0,0,0,0,0,0,0,0,0,0,0,0,0,0,0,0,0,0,0,0,0,0,0,0,0
244,21,-9,30,4505463,2037032,924,0,14984757,0,0,0,34.081439,113280,102240,38615,6134,7121,1377,3884,729,0,0,0,0,0,0,0,0,0,-1,87452.545,-1,0,0,0,0,0,0,0,0,0,0,0,0,0,0,0,0,0,0,0,0,0,0,0,0,0
245,24,-9,30,4502735,2061906,919,0,14969994,0,0,0,33.966959,113310,102510,38668,6131,6802,1317,3748,708,0,0,0,0,0,0,0,0,0,-1,87487.742,-1,0,0,0,0,0,0,0,0,0,0,0,0,0,0,0,0,0,0,0,0,0,0,0,0,0
246,27,-9,30,4468115,1974237,907,0,14932234,0,0,0,33.948001,107010,96960,35960,5957,6178,1173,3679,733,0,0,0,0,0,0,0,0,0,-1,87522.964,-1,0,0,0,0,0,0,0,0,0,0,0,0,0,0,0,0,0,0,0,0,0,0,0,0,0
247,30,-9,30,4422137,1794981,993,0,14921075,0,0,0,33.980529,95340,87060,32074,5390,5322,999,3294,707,0,0,0,0,0,0,0,0,0,-1,87558.21,-1,0,0,0,0,0,0,0,0,0,0,0,0,0,0,0,0,0,0,0,0,0,0,0,0,0
248,33,-9,30,4383569,1706171,1031,0,14876399,0,0,0,33.939777,90900,82950,30081,4936,4725,899,3019,700,0,0,0,0,0,0,0,0,0,-1,87593.364,-1,0,0,0,0,0,0,0,0,0,0,0,0,0,0,0,0,0,0,0,0,0,0,0,0,0
251,-33,-6,30,4385119,1676085,964,0,14999391,0,0,0,33.938499,30960,29820,90,60,47,47,50,108,0,0,0,0,0,0,0,0,0,-1,87634.832,-1,0,0,0,0,0,0,0,0,0,0,0,0,0,0,0,0,0,0,0,0,0,0,0,0,0
252,-30,-6,30,4493460,1963857,1044,0,15002142,0,0,0,33.936914,121020,108570,42676,5914,12775,2308,3873,377,0,0,0,0,0,0,0,0,0,-1,87670.047,-1,0,0,0,0,0,0,0,0,0,0,0,0,0,0,0,0,0,0,0,0,0,0,0,0,0
253,-27,-6,30,4412699,1735687,1041,0,15000804,0,0,0,33.936542,107880,96840,38260,5240,11215,2031,3459,371,0,0,0,0,0,0,0,0,0,-1,87705.27,-1,0,0,0,0,0,0,0,0,0,0,0,0,0,0,0,0,0,0,0,0,0,0,0,0,0
254,-24,-6,30,4471795,1934565,1094,0,14995996,0,0,0,33.935341,120660,108300,43063,5902,12134,2202,3834,380,0,0,0,0,0,0,0,0,0,-1,87740.459,-1,0,0,0,0,0,0,0,0,0,0,0,0,0,0,0,0,0,0,0,0,0,0,0,0,0
255,-21,-6,30,4503169,2076536,1055,0,14998887,0,0,0,34.139856,127470,114030,46188,6520,12783,2320,4255,410,0,0,0,0,0,0,0,0,0,-1,87775.85,-1,0,0,0,0,0,0,0,0,0,0,0,0,0,0,0,0,0,0,0,0,0,0,0,0,0
256,-18,-6,30,4495800,2073441,1239,0,14987093,0,0,0,33.909202,130410,116250,46860,6552,12237,2302,4243,432,0,0,0,0,0,0,0,0,0,-1,87810.968,-1,0,0,0,0,0,0,0,0,0,0,0,0,0,0,0,0,0,0,0,0,0,0,0,0,0
257,-15,-6,30,4496660,2069588,1018,0,14984834,0,0,0,33.985815,128130,114270,46689,6650,11558,2121,4425,442,0,0,0,0,0,0,0,0,0,-1,87846.212,-1,0,0,0,0,0,0,0,0,0,0,0,0,0,0,0,0,0,0,0,0,0,0,0,0,0
258,-12,-6,30,4493023,2064208,973,0,14979396,0,0,0,33.913831,130740,116670,47251,6658,11416,2113,4380,486,0,0,0,0,0,0,0,0,0,-1,87881.401,-1,0,0,0,0,0,0,0,0,0,0,0,0,0,0,0,0,0,0,0,0,0,0,0,0,0
259,-9,-6,30,4497151,2064940,1038,0,14984804,0,0,0,33.970087,127500,113730,46552,6763,10863,2039,4285,510,0,0,0,0,0,0,0,0,0,-1,87916.59,-1,0,0,0,0,0,0,0,0,0,0,0,0,0,0,0,0,0,0,0,0,0,0,0,0,0
260,-6,-6,30,4531127,2085809,1161,0,14977647,0,0,0,33.976985,129390,115140,47487,6834,10609,1950,4496,543,0,0,0,0,0,0,0,0,0,-1,87951.812,-1,0,0,0,0,0,0,0,0,0,0,0,0,0,0,0,0,0,0,0,0,0,0,0,0,0
261,-3,-6,30,4525233,2083457,1210,0,14976638,0,0,0,33.999869,127980,114030,47142,6870,10060,1930,4585,526,0,0,0,0,0,0,0,0,0,-1,87987.057,-1,0,0,0,0,0,0,0,0,0,0,0,0,0,0,0,0,0,0,0,0,0,0,0,0,0
262,0,-6,30,4515243,2075257,1080,0,14983462,0,0,0,33.983624,127080,113550,46704,6849,9725,1832,4450,567,0,0,0,0,0,0,0,0,0,-1,88022.282,-1,0,0,0,0,0,0,0,0,0,0,0,0,0,0,0,0,0,0,0,0,0,0,0,0,0
263,3,-6,30,4507101,2074280,1104,0,14975510,0,0,0,34.152913,126000,112740,46911,6739,9121,1695,4427,533,0,0,0,0,0,0,0,0,0,-1,88057.678,-1,0,0,0,0,0,0,0,0,0,0,0,0,0,0,0,0,0,0,0,0,0,0,0,0,0
264,6,-6,30,4501629,2068482,936,0,14989466,0,0,0,34.004367,125250,112170,45916,6869,9006,1646,4318,610,0,0,0,0,0,0,0,0,0,-1,88092.943,-1,0,0,0,0,0,0,0,0,0,0,0,0,0,0,0,0,0,0,0,0,0,0,0,0,0
265,9,-6,30,4495644,2069705,934,0,14983339,0,0,0,33.945829,125610,112620,44973,6941,8365,1611,4367,612,0,0,0,0,0,0,0,0,0,-1,88128.14,-1,0,0,0,0,0,0,0,0,0,0,0,0,0,0,0,0,0,0,0,0,0,0,0,0,0
266,12,-6,30,4484753,2063404,999,0,15002472,0,0,0,34.117744,121950,109230,44258,6595,8075,1519,4289,688,0,0,0,0,0,0,0,0,0,-1,88163.499,-1,0,0,0,0,0,0,0,0,0,0,0,0,0,0,0,0,0,0,0,0,0,0,0,0,0
267,15,-6,30,4473200,2042716,968,0,15002440,0,0,0,33.86969,122070,109410,43314,6642,7577,1478,4214,665,0,0,0,0,0,0,0,0,0,-1,88198.632,-1,0,0,0,0,0,0,0,0,0,0,0,0,0,0,0,0,0,0,0,0,0,0,0,0,0
268,18,-6,30,4394752,1691382,851,0,15000642,0,0,0,33.984851,98070,88890,35942,5461,5834,1116,3500,507,0,0,0,0,0,0,0,0,0,-1,88233.862,-1,0,0,0,0,0,0,0,0,0,0,0,0,0,0,0,0,0,0,0,0,0,0,0,0,0
269,21,-6,30,4497672,1988456,794,0,14987641,0,0,0,33.907881,115530,104250,40602,6618,6504,1322,4071,685,0,0,0,0,0,0,0,0,0,-1,88269.004,-1,0,0,0,0,0,0,0,0,0,0,0,0,0,0,0,0,0,0,0,0,0,0,0,0,0
270,24,-6,30,4483941,1903483,839,0,14965316,0,0,0,33.944509,108840,98460,38579,6149,5897,1170,3813,677,0,0,0,0,0,0,0,0,0,-1,88304.21,-1,0,0,0,0,0,0,0,0,0,0,0,0,0,0,0,0,0,0,0,0,0,0,0,0,0
271,27,-6,30,4479048,1922041,794,0,14942741,0,0,0,33.977574,107100,97020,38019,5903,5660,1100,3660,718,0,0,0,0,0,0,0,0,0,-1,88339.431,-1,0,0,0,0,0,0,0,0,0,0,0,0,0,0,0,0,0,0,0,0,0,0,0,0,0
272,30,-6,30,4498640,2016367,798,0,14920900,0,0,0,33.905514,112770,101970,38714,6208,5689,1087,3918,799,0,0,0,0,0,0,0,0,0,-1,88374.567,-1,0,0,0,0,0,0,0,0,0,0,0,0,0,0,0,0,0,0,0,0,0,0,0,0,0
273,33,-6,30,4492635,1953699,777,0,14866400,0,0,0,34.045768,105750,96030,36658,5938,5139,947,3743,699,0,0,0,0,0,0,0,0,0,-1,88409.883,-1,0,0,0,0,0,0,0,0,0,0,0,0,0,0,0,0,0,0,0,0,0,0,0,0,0
276,-33,-3,30,4498026,1997306,961,0,14986076,0,0,0,33.91248,39120,37620,918,179,216,90,150,114,0,0,0,0,0,0,0,0,0,-1,88451.337,-1,0,0,0,0,0,0,0,0,0,0,0,0,0,0,0,0,0,0,0,0,0,0,0,0,0
277,-30,-3,30,4486530,2005114,993,0,14988494,0,0,0,34.167085,125100,111960,47128,6523,12093,2221,4353,359,0,0,0,0,0,0,0,0,0,-1,88486.764,-1,0,0,0,0,0,0,0,0,0,0,0,0,0,0,0,0,0,0,0,0,0,0,0,0,0
278,-27,-3,30,4498411,2018224,1020,0,14985960,0,0,0,33.94873,129330,115260,47967,6662,12016,2208,4400,371,0,0,0,0,0,0,0,0,0,-1,88521.939,-1,0,0,0,0,0,0,0,0,0,0,0,0,0,0,0,0,0,0,0,0,0,0,0,0,0
279,-24,-3,30,4513652,2022418,944,0,14981639,0,0,0,33.92368,130560,116370,48842,6712,11826,2121,4485,382,0,0,0,0,0,0,0,0,0,-1,88557.12,-1,0,0,0,0,0,0,0,0,0,0,0,0,0,0,0,0,0,0,0,0,0,0,0,0,0
280,-21,-3,30,4496788,2025227,1037,0,14986556,0,0,0,33.981543,129270,114960,48946,6795,11656,2131,4377,414,0,0,0,0,0,0,0,0,0,-1,88592.339,-1,0,0,0,0,0,0,0,0,0,0,0,0,0,0,0,0,0,0,0,0,0,0,0,0,0
281,-18,-3,30,4501605,2051490,774,0,14979141,0,0,0,33.935129,133170,118530,49885,6876,11389,2095,4436,421,0,0,0,0,0,0,0,0,0,-1,88627.571,-1,0,0,0,0,0,0,0,0,0,0,0,0,0,0,0,0,0,0,0,0,0,0,0,0,0
282,-15,-3,30,4500174,2049121,858,0,14966943,0,0,0,33.976078,131940,117450,50482,7154,10909,2007,4615,430,0,0,0,0,0,0,0,0,0,-1,88662.793,-1,0,0,0,0,0,0,0,0,0,0,0,0,0,0,0,0,0,0,0,0,0,0,0,0,0
283,-12,-3,30,4504745,2043216,1003,0,14975863,0,0,0,34.112649,130800,116640,50775,7140,10450,1989,4652,445,0,0,0,0,0,0,0,0,0,-1,88698.135,-1,0,0,0,0,0,0,0,0,0,0,0,0,0,0,0,0,0,0,0,0,0,0,0,0,0
284,-9,-3,30,4495061,2046929,950,0,14970278,0,0,0,33.999417,130770,116340,50175,7156,9884,1871,4814,496,0,0,0,0,0,0,0,0,0,-1,88733.381,-1,0,0,0,0,0,0,0,0,0,0,0,0,0,0,0,0,0,0,0,0,0,0,0,0,0
285,-6,-3,30,4481429,2055410,940,0,14966454,0,0,0,33.985139,131100,116670,50615,7142,9703,1840,4644,517,0,0,0,0,0,0,0,0,0,-1,88768.707,-1,0,0,0,0,0,0,0,0,0,0,0,0,0,0,0,0,0,0,0,0,0,0,0,0,0
286,-3,-3,30,4476049,2043302,913,0,14973643,0,0,0,34.059651,130890,116490,50757,7239,9548,1733,4683,491,0,0,0,0,0,0,0,0,0,-1,88804.03,-1,0,0,0,0,0,0,0,0,0,0,0,0,0,0,0,0,0,0,0,0,0,0,0,0,0
287,0,-3,30,4518837,2077207,1025,0,14961678,0,0,0,33.953157,131880,117420,50936,7196,9028,1738,4776,543,0,0,0,0,0,0,0,0,0,-1,88839.217,-1,0,0,0,0,0,0,0,0,0,0,0,0,0,0,0,0,0,0,0,0,0,0,0,0,0
288,3,-3,30,4521700,2074471,996,0,14985193,0,0,0,33.998163,130920,116280,50060,7391,8642,1629,4741,582,0,0,0,0,0,0,0,0,0,-1,88874.462,-1,0,0,0,0,0,0,0,0,0,0,0,0,0,0,0,0,0,0,0,0,0,0,0,0,0
289,6,-3,30,4517738,2071322,1004,0,14975655,0,0,0,33.932547,131730,117300,49540,7322,8355,1513,4610,624,0,0,0,0,0,0,0,0,0,-1,88909.648,-1,0,0,0,0,0,0,0,0,0,0,0,0,0,0,0,0,0,0,0,0,0,0,0,0,0
290,9,-3,30,4518293,2047068,963,0,14984469,0,0,0,33.899626,129270,115560,48642,7010,7835,1472,4559,647,0,0,0,0,0,0,0,0,0,-1,88944.83,-1,0,0,0,0,0,0,0,0,0,0,0,0,0,0,0,0,0,0,0,0,0,0,0,0,0
291,12,-3,30,4518347,2059976,952,0,15002661,0,0,0,34.220716,125940,112410,48307,7030,7502,1397,4521,615,0,0,0,0,0,0,0,0,0,-1,88980.303,-1,0,0,0,0,0,0,0,0,0,0,0,0,0,0,0,0,0,0,0,0,0,0,0,0,0
292,15,-3,30,4511765,2039034,1135,0,15001483,0,0,0,34.078417,123900,111060,46744,7054,7162,1367,4533,616,0,0,0,0,0,0,0,0,0,-1,89015.66,-1,0,0,0,0,0,0,0,0,0,0,0,0,0,0,0,0,0,0,0,0,0,0,0,0,0
293,18,-3,30,4495528,2033152,1001,0,14997643,0,0,0,33.888698,125190,112230,46128,6942,6873,1248,4321,645,0,0,0,0,0,0,0,0,0,-1,89050.785,-1,0,0,0,0,0,0,0,0,0,0,0,0,0,0,0,0,0,0,0,0,0,0,0,0,0
294,21,-3,30,4484671,2023323,974,0,14980261,0,0,0,34.015467,120660,108450,44952,6790,6341,1198,4251,688,0,0,0,0,0,0,0,0,0,-1,89086.097,-1,0,0,0,0,0,0,0,0,0,0,0,0,0,0,0,0,0,0,0,0,0,0,0,0,0
295,24,-3,30,4501598,2025754,1051,0,14966366,0,0,0,33.936261,120720,108450,43924,6867,6003,1143,4342,669,0,0,0,0,0,0,0,0,0,-1,89121.287,-1,0,0,0,0,0,0,0,0,0,0,0,0,0,0,0,0,0,0,0,0,0,0,0,0,0
296,27,-3,30,4528065,2042709,1017,0,14944074,0,0,0,34.016285,117930,105930,43172,6804,5702,1086,4269,678,0,0,0,0,0,0,0,0,0,-1,89156.527,-1,0,0,0,0,0,0,0,0,0,0,0,0,0,0,0,0,0,0,0,0,0,0,0,0,0
297,30,-3,30,4517066,2036198,933,0,14914376,0,0,0,34.000259,116160,104880,42377,6592,5483,1057,4111,780,0,0,0,0,0,0,0,0,0,-1,89191.781,-1,0,0,0,0,0,0,0,0,0,0,0,0,0,0,0,0,0,0,0,0,0,0,0,0,0
298,33,-3,30,4503366,2030348,842,0,14871695,0,0,0,33.920618,115020,103740,40532,6471,5142,1045,4106,726,0,0,0,0,0,0,0,0,0,-1,89226.953,-1,0,0,0,0,0,0,0,0,0,0,0,0,0,0,0,0,0,0,0,0,0,0,0,0,0
300,-36,0,30,4497226,2029102,856,0,14999191,0,0,0,33.947031,39000,37560,202,151,59,80,215,141,0,0,0,0,0,0,0,0,0,-1,89268.744,-1,0,0,0,0,0,0,0,0,0,0,0,0,0,0,0,0,0,0,0,0,0,0,0,0,0
301,-33,0,30,4488684,2040286,834,0,14984924,0,0,0,33.941211,72060,67530,19417,2654,3828,749,1761,214,0,0,0,0,0,0,0,0,0,-1,89303.922,-1,0,0,0,0,0,0,0,0,0,0,0,0,0,0,0,0,0,0,0,0,0,0,0,0,0
302,-30,0,30,4478700,2020634,996,0,14966641,0,0,0,33.94431,134100,119250,51794,6964,11535,2096,4676,355,0,0,0,0,0,0,0,0,0,-1,89339.1,-1,0,0,0,0,0,0,0,0,0,0,0,0,0,0,0,0,0,0,0,0,0,0,0,0,0
303,-27,0,30,4472631,2018990,1098,0,14969983,0,0,0,33.943494,134910,119970,52338,7150,11322,2008,4674,335,0,0,0,0,0,0,0,0,0,-1,89374.307,-1,0,0,0,0,0,0,0,0,0,0,0,0,0,0,0,0,0,0,0,0,0,0,0,0,0
304,-24,0,30,4470515,2015063,1039,0,14974812,0,0,0,33.996624,133080,118260,52878,7250,10904,2027,4855,382,0,0,0,0,0,0,0,0,0,-1,89409.563,-1,0,0,0,0,0,0,0,0,0,0,0,0,0,0,0,0,0,0,0,0,0,0,0,0,0
305,-21,0,30,4519651,2044754,944,0,14976879,0,0,0,34.014123,136470,120930,54374,7379,10856,1909,4875,431,0,0,0,0,0,0,0,0,0,-1,89444.859,-1,0,0,0,0,0,0,0,0,0,0,0,0,0,0,0,0,0,0,0,0,0,0,0,0,0
306,-18,0,30,4513176,2044133,899,0,14971320,0,0,0,33.964245,135780,120300,54414,7435,10339,1900,4979,431,0,0,0,0,0,0,0,0,0,-1,89480.067,-1,0,0,0,0,0,0,0,0,0,0,0,0,0,0,0,0,0,0,0,0,0,0,0,0,0
307,-15,0,30,4504193,2041396,1000,0,14971501,0,0,0,34.138275,135000,119790,54096,7562,10023,1874,4905,430,0,0,0,0,0,0,0,0,0,-1,89515.503,-1,0,0,0,0,0,0,0,0,0,0,0,0,0,0,0,0,0,0,0,0,0,0,0,0,0
308,-12,0,30,4495180,2033538,980,0,14962989,0,0,0,33.964834,136050,120570,54609,7656,9799,1770,4905,435,0,0,0,0,0,0,0,0,0,-1,89550.696,-1,0,0,0,0,0,0,0,0,0,0,0,0,0,0,0,0,0,0,0,0,0,0,0,0,0
309,-9,0,30,4494528,2030315,943,0,14968879,0,0,0,33.902149,137640,122070,54972,7688,9372,1717,4980,461,0,0,0,0,0,0,0,0,0,-1,89585.875,-1,0,0,0,0,0,0,0,0,0,0,0,0,0,0,0,0,0,0,0,0,0,0,0,0,0
310,-6,0,30,4498425,2024404,949,0,14964837,0,0,0,33.935201,136200,120960,53783,7711,9045,1724,4948,472,0,0,0,0,0,0,0,0,0,-1,89621.047,-1,0,0,0,0,0,0,0,0,0,0,0,0,0,0,0,0,0,0,0,0,0,0,0,0,0
311,-3,0,30,4495328,2042055,897,0,14967721,0,0,0,33.986444,136170,120720,54832,7846,8840,1609,4968,480,0,0,0,0,0,0,0,0,0,-1,89656.287,-1,0,0,0,0,0,0,0,0,0,0,0,0,0,0,0,0,0,0,0,0,0,0,0,0,0
312,0,0,30,4492663,2025506,1075,0,14962684,0,0,0,33.960162,133590,118620,53509,7412,8202,1542,4879,515,0,0,0,0,0,0,0,0,0,-1,89691.495,-1,0,0,0,0,0,0,0,0,0,0,0,0,0,0,0,0,0,0,0,0,0,0,0,0,0
313,3,0,30,4510696,2021787,1191,0,14986858,0,0,0,33.984476,132690,118140,53215,7630,7943,1496,4893,519,0,0,0,0,0,0,0,0,0,-1,89726.735,-1,0,0,0,0,0,0,0,0,0,0,0,0,0,0,0,0,0,0,0,0,0,0,0,0,0
314,6,0,30,4522714,2037162,1018,0,14978327,0,0,0,33.904392,134190,119130,52413,7700,7642,1383,5051,522,0,0,0,0,0,0,0,0,0,-1,89761.856,-1,0,0,0,0,0,0,0,0,0,0,0,0,0,0,0,0,0,0,0,0,0,0,0,0,0
315,9,0,30,4503287,2029664,1011,0,14982795,0,0,0,33.945249,133020,118350,52255,7620,7400,1354,4940,572,0,0,0,0,0,0,0,0,0,-1,89797.014,-1,0,0,0,0,0,0,0,0,0,0,0,0,0,0,0,0,0,0,0,0,0,0,0,0,0
316,12,0,30,4508809,2024639,944,0,14998110,0,0,0,33.87965,131310,116970,50978,7491,7141,1399,4806,573,0,0,0,0,0,0,0,0,0,-1,89832.141,-1,0,0,0,0,0,0,0,0,0,0,0,0,0,0,0,0,0,0,0,0,0,0,0,0,0
317,15,0,30,4505478,2025613,902,0,14995549,0,0,0,33.818309,129930,115740,50264,7442,6600,1271,4796,606,0,0,0,0,0,0,0,0,0,-1,89867.205,-1,0,0,0,0,0,0,0,0,0,0,0,0,0,0,0,0,0,0,0,0,0,0,0,0,0
318,18,0,30,4494531,2012792,865,0,14981302,0,0,0,34.062728,125640,112200,49406,7184,6362,1233,4678,591,0,0,0,0,0,0,0,0,0,-1,89902.522,-1,0,0,0,0,0,0,0,0,0,0,0,0,0,0,0,0,0,0,0,0,0,0,0,0,0
319,21,0,30,4485036,2009426,990,0,14969482,0,0,0,33.9238,126420,113250,48930,7180,5937,1147,4617,613,0,0,0,0,0,0,0,0,0,-1,89937.69,-1,0,0,0,0,0,0,0,0,0,0,0,0,0,0,0,0,0,0,0,0,0,0,0,0,0
320,24,0,30,4484980,2005713,1014,0,14968358,0,0,0,34.052722,122460,109560,47767,7010,5661,1091,4353,666,0,0,0,0,0,0,0,0,0,-1,89973.002,-1,0,0,0,0,0,0,0,0,0,0,0,0,0,0,0,0,0,0,0,0,0,0,0,0,0
321,27,0,30,4478423,2000213,952,0,0,0,0,0,33.988315,120210,108030,46433,6899,5259,1058,4416,665,0,0,0,0,0,0,0,0,0,-1,90008.236,-1,0,0,0,0,0,0,0,0,0,0,0,0,0,0,0,0,0,0,0,0,0,0,0,0,0
322,30,0,30,4524096,2037815,1227,0,14901649,0,0,0,33.904348,123090,110310,46025,6970,5225,1012,4370,654,0,0,0,0,0,0,0,0,0,-1,90043.425,-1,0,0,0,0,0,0,0,0,0,0,0,0,0,0,0,0,0,0,0,0,0,0,0,0,0
323,33,0,30,4506963,2031695,1163,0,14864591,0,0,0,33.969034,118230,106320,44569,6914,4874,950,4263,696,0,0,0,0,0,0,0,0,0,-1,90078.628,-1,0,0,0,0,0,0,0,0,0,0,0,0,0,0,0,0,0,0,0,0,0,0,0,0,0
324,36,0,30,4501265,2022655,1105,0,0,0,0,0,33.921857,37800,36420,105,76,74,46,70,112,0,0,0,0,0,0,0,0,0,-1,90113.8,-1,0,0,0,0,0,0,0,0,0,0,0,0,0,0,0,0,0,0,0,0,0,0,0,0,0
326,-33,3,30,4492067,2018972,1191,0,14964863,0,0,0,33.898066,128550,114750,50412,6819,9491,1881,4492,296,0,0,0,0,0,0,0,0,0,-1,90155.527,-1,0,0,0,0,0,0,0,0,0,0,0,0,0,0,0,0,0,0,0,0,0,0,0,0,0
327,-30,3,30,4478341,2011223,1030,0,14952418,0,0,0,33.907242,138690,122670,55972,7394,10602,2000,4992,328,0,0,0,0,0,0,0,0,0,-1,90190.671,-1,0,0,0,0,0,0,0,0,0,0,0,0,0,0,0,0,0,0,0,0,0,0,0,0,0
328,-27,3,30,4474167,2008089,1149,0,14962555,0,0,0,33.924315,139350,123300,56386,7588,10353,1937,5026,334,0,0,0,0,0,0,0,0,0,-1,90225.848,-1,0,0,0,0,0,0,0,0,0,0,0,0,0,0,0,0,0,0,0,0,0,0,0,0,0
329,-24,3,30,4461772,2008112,1136,0,14960827,0,0,0,33.943617,140820,124470,56870,7692,10230,1915,5279,422,0,0,0,0,0,0,0,0,0,-1,90261.134,-1,0,0,0,0,0,0,0,0,0,0,0,0,0,0,0,0,0,0,0,0,0,0,0,0,0
330,-21,3,30,4455036,1996456,1323,0,14961740,0,0,0,33.93432,140340,124350,57411,7911,9732,1870,5271,407,0,0,0,0,0,0,0,0,0,-1,90296.283,-1,0,0,0,0,0,0,0,0,0,0,0,0,0,0,0,0,0,0,0,0,0,0,0,0,0
331,-18,3,30,4491532,2021259,1172,0,14968790,0,0,0,33.883622,142440,125910,58472,7972,9542,1741,5310,367,0,0,0,0,0,0,0,0,0,-1,90331.437,-1,0,0,0,0,0,0,0,0,0,0,0,0,0,0,0,0,0,0,0,0,0,0,0,0,0
332,-15,3,30,4513058,2039603,1015,0,14966842,0,0,0,34.1105,140910,124110,58840,8042,9425,1719,5271,369,0,0,0,0,0,0,0,0,0,-1,90366.804,-1,0,0,0,0,0,0,0,0,0,0,0,0,0,0,0,0,0,0,0,0,0,0,0,0,0
333,-12,3,30,4511367,2036878,1055,0,14952280,0,0,0,34.043441,142140,125520,59484,8024,9204,1701,5270,403,0,0,0,0,0,0,0,0,0,-1,90402.07,-1,0,0,0,0,0,0,0,0,0,0,0,0,0,0,0,0,0,0,0,0,0,0,0,0,0
334,-9,3,30,4499876,2009121,1043,0,14970958,0,0,0,33.795817,141990,125490,58275,8206,8829,1632,5259,441,0,0,0,0,0,0,0,0,0,-1,90437.13,-1,0,0,0,0,0,0,0,0,0,0,0,0,0,0,0,0,0,0,0,0,0,0,0,0,0
335,-6,3,30,4497293,1993258,1079,0,14955328,0,0,0,33.807237,140670,124500,57996,8011,8422,1571,5281,464,0,0,0,0,0,0,0,0,0,-1,90472.182,-1,0,0,0,0,0,0,0,0,0,0,0,0,0,0,0,0,0,0,0,0,0,0,0,0,0
336,-3,3,30,4498881,1989569,1013,0,14961925,0,0,0,33.916977,139440,123300,57230,8203,7853,1532,5339,480,0,0,0,0,0,0,0,0,0,-1,90507.4,-1,0,0,0,0,0,0,0,0,0,0,0,0,0,0,0,0,0,0,0,0,0,0,0,0,0
337,0,3,30,4488686,1984182,1037,0,14960708,0,0,0,34.083465,136380,120720,57191,8125,7546,1443,5206,490,0,0,0,0,0,0,0,0,0,-1,90542.738,-1,0,0,0,0,0,0,0,0,0,0,0,0,0,0,0,0,0,0,0,0,0,0,0,0,0
338,3,3,30,4478377,1982286,1013,0,14980246,0,0,0,33.944259,137370,121770,56559,7912,7390,1410,5105,497,0,0,0,0,0,0,0,0,0,-1,90577.895,-1,0,0,0,0,0,0,0,0,0,0,0,0,0,0,0,0,0,0,0,0,0,0,0,0,0
339,6,3,30,4475056,1979352,1015,0,14977599,0,0,0,33.97176,135450,120240,55619,8058,6944,1362,5337,707,0,0,0,0,0,0,0,0,0,-1,90613.143,-1,0,0,0,0,0,0,0,0,0,0,0,0,0,0,0,0,0,0,0,0,0,0,0,0,0
340,9,3,30,4498965,2009001,1001,0,14977811,0,0,0,34.011216,135960,120420,56344,7951,6796,1326,5165,536,0,0,0,0,0,0,0,0,0,-1,90648.388,-1,0,0,0,0,0,0,0,0,0,0,0,0,0,0,0,0,0,0,0,0,0,0,0,0,0
341,12,3,30,4484877,2003885,1089,0,14969246,0,0,0,33.947716,133770,118650,55328,7995,6416,1347,5116,601,0,0,0,0,0,0,0,0,0,-1,90683.598,-1,0,0,0,0,0,0,0,0,0,0,0,0,0,0,0,0,0,0,0,0,0,0,0,0,0
342,15,3,30,4484000,1997117,1004,0,14976632,0,0,0,34.031362,132480,117630,54732,7822,6273,1289,5017,569,0,0,0,0,0,0,0,0,0,-1,90718.897,-1,0,0,0,0,0,0,0,0,0,0,0,0,0,0,0,0,0,0,0,0,0,0,0,0,0
343,18,3,30,4480634,1988352,927,0,14962831,0,0,0,34.014883,130110,115740,53371,7612,5876,1106,4911,605,0,0,0,0,0,0,0,0,0,-1,90754.197,-1,0,0,0,0,0,0,0,0,0,0,0,0,0,0,0,0,0,0,0,0,0,0,0,0,0
344,21,3,30,4479339,1982349,857,0,14958222,0,0,0,33.915011,130290,116220,52625,7540,5601,1083,4885,609,0,0,0,0,0,0,0,0,0,-1,90789.342,-1,0,0,0,0,0,0,0,0,0,0,0,0,0,0,0,0,0,0,0,0,0,0,0,0,0
345,24,3,30,4476497,1984083,968,0,14963236,0,0,0,33.990308,126390,113010,51074,7438,5357,1038,4783,611,0,0,0,0,0,0,0,0,0,-1,90824.587,-1,0,0,0,0,0,0,0,0,0,0,0,0,0,0,0,0,0,0,0,0,0,0,0,0,0
346,27,3,30,4473065,1969125,1054,0,14910794,0,0,0,33.921014,125790,112530,49681,7173,5173,1032,4650,630,0,0,0,0,0,0,0,0,0,-1,90859.761,-1,0,0,0,0,0,0,0,0,0,0,0,0,0,0,0,0,0,0,0,0,0,0,0,0,0
347,30,3,30,4470184,1960443,970,0,14879916,0,0,0,33.940245,123870,111000,48720,7250,4850,991,4572,594,0,0,0,0,0,0,0,0,0,-1,90894.979,-1,0,0,0,0,0,0,0,0,0,0,0,0,0,0,0,0,0,0,0,0,0,0,0,0,0
348,33,3,30,4495153,1985114,1023,0,14840871,0,0,0,33.893108,122880,110520,48163,7306,4660,956,4545,663,0,0,0,0,0,0,0,0,0,-1,90930.118,-1,0,0,0,0,0,0,0,0,0,0,0,0,0,0,0,0,0,0,0,0,0,0,0,0,0
351,-33,6,30,4501887,2004325,946,0,14955814,0,0,0,33.889325,141330,124890,59260,7832,9591,1708,5271,320,0,0,0,0,0,0,0,0,0,-1,90971.59,-1,0,0,0,0,0,0,0,0,0,0,0,0,0,0,0,0,0,0,0,0,0,0,0,0,0
352,-30,6,30,4485009,1992791,1128,0,14941201,0,0,0,33.93816,142950,126300,60162,7932,9690,1808,5176,343,0,0,0,0,0,0,0,0,0,-1,91006.773,-1,0,0,0,0,0,0,0,0,0,0,0,0,0,0,0,0,0,0,0,0,0,0,0,0,0
353,-27,6,30,4475625,2002663,960,0,14955155,0,0,0,34.016833,142920,126030,60839,8117,9681,1774,5457,362,0,0,0,0,0,0,0,0,0,-1,91042.027,-1,0,0,0,0,0,0,0,0,0,0,0,0,0,0,0,0,0,0,0,0,0,0,0,0,0
354,-24,6,30,4477880,2003729,863,0,0,0,0,0,33.809837,146310,128760,61865,8303,9380,1769,5477,354,0,0,0,0,0,0,0,0,0,-1,91077.121,-1,0,0,0,0,0,0,0,0,0,0,0,0,0,0,0,0,0,0,0,0,0,0,0,0,0
355,-21,6,30,4476772,1980284,1049,0,14586418,0,0,0,33.827996,145050,127800,61770,8252,9026,1685,5412,379,0,0,0,0,0,0,0,0,0,-1,91112.177,-1,0,0,0,0,0,0,0,0,0,0,0,0,0,0,0,0,0,0,0,0,0,0,0,0,0
356,-18,6,30,4459126,1947041,1019,0,14964410,0,0,0,33.845816,143250,126330,61081,8229,8562,1597,5490,371,0,0,0,0,0,0,0,0,0,-1,91147.246,-1,0,0,0,0,0,0,0,0,0,0,0,0,0,0,0,0,0,0,0,0,0,0,0,0,0
357,-15,6,30,4452677,1923456,920,0,14956365,0,0,0,34.092111,139470,122970,60616,8222,8284,1558,5456,367,0,0,0,0,0,0,0,0,0,-1,91182.578,-1,0,0,0,0,0,0,0,0,0,0,0,0,0,0,0,0,0,0,0,0,0,0,0,0,0
358,-12,6,30,4463140,1936798,953,0,14954715,0,0,0,33.969607,140880,124260,61007,8369,8059,1545,5569,392,0,0,0,0,0,0,0,0,0,-1,91217.78,-1,0,0,0,0,0,0,0,0,0,0,0,0,0,0,0,0,0,0,0,0,0,0,0,0,0
359,-9,6,30,4493324,1969783,961,0,14967992,0,0,0,34.128672,142560,125400,62178,8430,7983,1516,5577,386,0,0,0,0,0,0,0,0,0,-1,91253.186,-1,0,0,0,0,0,0,0,0,0,0,0,0,0,0,0,0,0,0,0,0,0,0,0,0,0
360,-6,6,30,4486476,1935684,913,0,14958467,0,0,0,33.944089,142800,125970,61567,8359,7400,1414,5530,417,0,0,0,0,0,0,0,0,0,-1,91288.394,-1,0,0,0,0,0,0,0,0,0,0,0,0,0,0,0,0,0,0,0,0,0,0,0,0,0
361,-3,6,30,4479023,1932061,957,0,14969336,0,0,0,34.118219,138720,122490,60619,8287,7196,1420,5561,449,0,0,0,0,0,0,0,0,0,-1,91323.784,-1,0,0,0,0,0,0,0,0,0,0,0,0,0,0,0,0,0,0,0,0,0,0,0,0,0
362,0,6,30,4480892,1932499,928,0,14964153,0,0,0,34.002272,139050,122790,60431,8446,6938,1386,5411,468,0,0,0,0,0,0,0,0,0,-1,91359.019,-1,0,0,0,0,0,0,0,0,0,0,0,0,0,0,0,0,0,0,0,0,0,0,0,0,0
363,3,6,30,4479216,1972541,1021,0,14982370,0,0,0,33.997829,140820,124290,61105,8487,6863,1318,5604,477,0,0,0,0,0,0,0,0,0,-1,91394.246,-1,0,0,0,0,0,0,0,0,0,0,0,0,0,0,0,0,0,0,0,0,0,0,0,0,0
364,6,6,30,4479472,1971572,946,0,14969324,0,0,0,33.875153,141930,125220,60249,8350,6622,1293,5440,484,0,0,0,0,0,0,0,0,0,-1,91429.359,-1,0,0,0,0,0,0,0,0,0,0,0,0,0,0,0,0,0,0,0,0,0,0,0,0,0
365,9,6,30,4468489,1969500,953,0,14960680,0,0,0,34.073966,137910,121650,59690,8342,6085,1154,5402,519,0,0,0,0,0,0,0,0,0,-1,91464.69,-1,0,0,0,0,0,0,0,0,0,0,0,0,0,0,0,0,0,0,0,0,0,0,0,0,0
366,12,6,30,4453468,1962085,943,0,14931738,0,0,0,33.966399,137640,121920,59068,8477,6079,1233,5315,552,0,0,0,0,0,0,0,0,0,-1,91499.934,-1,0,0,0,0,0,0,0,0,0,0,0,0,0,0,0,0,0,0,0,0,0,0,0,0,0
367,15,6,30,4486218,1983354,1091,0,14952520,0,0,0,33.91941,140070,123960,59420,8194,5920,1161,5345,523,0,0,0,0,0,0,0,0,0,-1,91535.109,-1,0,0,0,0,0,0,0,0,0,0,0,0,0,0,0,0,0,0,0,0,0,0,0,0,0
368,18,6,30,4495099,1986636,1019,0,14930714,0,0,0,33.924068,138750,122790,58567,8209,5502,1084,5347,529,0,0,0,0,0,0,0,0,0,-1,91570.281,-1,0,0,0,0,0,0,0,0,0,0,0,0,0,0,0,0,0,0,0,0,0,0,0,0,0
369,21,6,30,4493056,1985861,1007,0,14947610,0,0,0,33.922343,136860,121260,57448,8174,5345,1045,5185,540,0,0,0,0,0,0,0,0,0,-1,91605.472,-1,0,0,0,0,0,0,0,0,0,0,0,0,0,0,0,0,0,0,0,0,0,0,0,0,0
370,24,6,30,4486190,1973348,953,0,14930031,0,0,0,33.951984,133350,118500,55199,8023,4993,1006,5197,593,0,0,0,0,0,0,0,0,0,-1,91640.707,-1,0,0,0,0,0,0,0,0,0,0,0,0,0,0,0,0,0,0,0,0,0,0,0,0,0
371,27,6,30,4470197,1929429,1081,0,14895138,0,0,0,33.88825,127980,114240,52972,7579,4662,955,4990,491,0,0,0,0,0,0,0,0,0,-1,91675.859,-1,0,0,0,0,0,0,0,0,0,0,0,0,0,0,0,0,0,0,0,0,0,0,0,0,0
372,30,6,30,4460404,1910323,1095,0,14863358,0,0,0,33.973972,122880,110130,51264,7442,4500,923,4813,583,0,0,0,0,0,0,0,0,0,-1,91711.081,-1,0,0,0,0,0,0,0,0,0,0,0,0,0,0,0,0,0,0,0,0,0,0,0,0,0
373,33,6,30,4444775,1826573,977,0,14826738,0,0,0,33.950348,116910,104700,47686,6928,3963,838,4360,587,0,0,0,0,0,0,0,0,0,-1,91746.292,-1,0,0,0,0,0,0,0,0,0,0,0,0,0,0,0,0,0,0,0,0,0,0,0,0,0
376,-33,9,30,4452691,1879015,1059,0,14929028,0,0,0,33.876583,140250,123720,61121,8164,8827,1616,5392,274,0,0,0,0,0,0,0,0,0,-1,91787.691,-1,0,0,0,0,0,0,0,0,0,0,0,0,0,0,0,0,0,0,0,0,0,0,0,0,0
377,-30,9,30,4467862,1889756,963,0,14914729,0,0,0,34.137154,139920,123270,62691,8152,8623,1566,5435,294,0,0,0,0,0,0,0,0,0,-1,91823.075,-1,0,0,0,0,0,0,0,0,0,0,0,0,0,0,0,0,0,0,0,0,0,0,0,0,0
378,-27,9,30,4492920,1895476,1086,0,2813099,0,0,0,33.995967,142170,125160,63460,8412,8666,1564,5692,298,0,0,0,0,0,0,0,0,0,-1,91858.29,-1,0,0,0,0,0,0,0,0,0,0,0,0,0,0,0,0,0,0,0,0,0,0,0,0,0
379,-24,9,30,4493644,1911412,1090,0,0,0,0,0,33.915263,146490,128940,64621,8710,8374,1639,5715,337,0,0,0,0,0,0,0,0,0,-1,91893.453,-1,0,0,0,0,0,0,0,0,0,0,0,0,0,0,0,0,0,0,0,0,0,0,0,0,0
380,-21,9,30,4482638,1875293,938,0,0,0,0,0,33.951501,144060,126780,64023,8516,8007,1504,5625,344,0,0,0,0,0,0,0,0,0,-1,91928.674,-1,0,0,0,0,0,0,0,0,0,0,0,0,0,0,0,0,0,0,0,0,0,0,0,0,0
381,-18,9,30,4461001,1872876,875,0,0,0,0,0,34.06441,141420,124290,63757,8541,7779,1457,5633,366,0,0,0,0,0,0,0,0,0,-1,91964.042,-1,0,0,0,0,0,0,0,0,0,0,0,0,0,0,0,0,0,0,0,0,0,0,0,0,0
382,-15,9,30,4460000,1875772,886,0,0,0,0,0,33.940388,143100,125880,64242,8757,7576,1452,5884,364,0,0,0,0,0,0,0,0,0,-1,91999.213,-1,0,0,0,0,0,0,0,0,0,0,0,0,0,0,0,0,0,0,0,0,0,0,0,0,0
383,-12,9,30,4446986,1862787,851,0,0,0,0,0,34.076434,141570,124650,64126,8648,7340,1432,5779,399,0,0,0,0,0,0,0,0,0,-1,92034.546,-1,0,0,0,0,0,0,0,0,0,0,0,0,0,0,0,0,0,0,0,0,0,0,0,0,0
384,-9,9,30,4441341,1876695,915,0,14970352,0,0,0,33.924681,145470,127860,64973,8502,7135,1400,5731,397,0,0,0,0,0,0,0,0,0,-1,92069.715,-1,0,0,0,0,0,0,0,0,0,0,0,0,0,0,0,0,0,0,0,0,0,0,0,0,0
385,-6,9,30,4429775,1855643,1109,0,14959333,0,0,0,33.968628,141600,124740,63842,8784,6805,1295,5832,419,0,0,0,0,0,0,0,0,0,-1,92104.882,-1,0,0,0,0,0,0,0,0,0,0,0,0,0,0,0,0,0,0,0,0,0,0,0,0,0
386,-3,9,30,4475158,1923933,1009,0,14969503,0,0,0,34.005802,145890,128220,65828,8860,6765,1328,5888,423,0,0,0,0,0,0,0,0,0,-1,92140.142,-1,0,0,0,0,0,0,0,0,0,0,0,0,0,0,0,0,0,0,0,0,0,0,0,0,0
387,0,9,30,4459081,1900088,1131,0,14967323,0,0,0,33.899736,145890,127920,64313,8793,6497,1200,5867,413,0,0,0,0,0,0,0,0,0,-1,92175.286,-1,0,0,0,0,0,0,0,0,0,0,0,0,0,0,0,0,0,0,0,0,0,0,0,0,0
388,3,9,30,4464965,1966987,1161,0,14972053,0,0,0,33.894605,150240,131910,66015,9107,6512,1225,6176,439,0,0,0,0,0,0,0,0,0,-1,92210.394,-1,0,0,0,0,0,0,0,0,0,0,0,0,0,0,0,0,0,0,0,0,0,0,0,0,0
389,6,9,30,4465343,1965305,1148,0,14964645,0,0,0,34.106191,146190,128100,65246,9072,6157,1223,6001,475,0,0,0,0,0,0,0,0,0,-1,92245.772,-1,0,0,0,0,0,0,0,0,0,0,0,0,0,0,0,0,0,0,0,0,0,0,0,0,0
390,9,9,30,4469776,1958270,1012,0,14925910,0,0,0,33.921392,147570,129900,65032,8957,5924,1207,5873,449,0,0,0,0,0,0,0,0,0,-1,92280.935,-1,0,0,0,0,0,0,0,0,0,0,0,0,0,0,0,0,0,0,0,0,0,0,0,0,0
391,12,9,30,4466849,1952723,976,0,14908190,0,0,0,33.919522,145560,128010,63375,8973,5656,1095,5833,488,0,0,0,0,0,0,0,0,0,-1,92316.08,-1,0,0,0,0,0,0,0,0,0,0,0,0,0,0,0,0,0,0,0,0,0,0,0,0,0
392,15,9,30,4458832,1951891,968,0,14911313,0,0,0,33.94407,144690,127350,63358,8760,5432,1033,5696,471,0,0,0,0,0,0,0,0,0,-1,92351.259,-1,0,0,0,0,0,0,0,0,0,0,0,0,0,0,0,0,0,0,0,0,0,0,0,0,0
393,18,9,30,4444648,1884196,986,0,14899833,0,0,0,33.894138,138810,122670,60729,8368,5133,1056,5536,475,0,0,0,0,0,0,0,0,0,-1,92386.395,-1,0,0,0,0,0,0,0,0,0,0,0,0,0,0,0,0,0,0,0,0,0,0,0,0,0
394,21,9,30,4463287,1914526,907,0,14909261,0,0,0,33.915362,138060,122040,60205,8425,4832,1026,5555,547,0,0,0,0,0,0,0,0,0,-1,92421.588,-1,0,0,0,0,0,0,0,0,0,0,0,0,0,0,0,0,0,0,0,0,0,0,0,0,0
395,24,9,30,4484341,1940281,860,0,14889021,0,0,0,34.045674,135360,119850,58952,8483,4816,980,5641,541,0,0,0,0,0,0,0,0,0,-1,92456.884,-1,0,0,0,0,0,0,0,0,0,0,0,0,0,0,0,0,0,0,0,0,0,0,0,0,0
396,27,9,30,4479893,1898483,963,0,14876348,0,0,0,33.969137,129900,115620,56783,8007,4442,926,5264,535,0,0,0,0,0,0,0,0,0,-1,92492.094,-1,0,0,0,0,0,0,0,0,0,0,0,0,0,0,0,0,0,0,0,0,0,0,0,0,0
397,30,9,30,4476738,1886773,1061,0,14851930,0,0,0,33.771689,128130,114420,54557,7720,4155,865,4977,540,0,0,0,0,0,0,0,0,0,-1,92527.112,-1,0,0,0,0,0,0,0,0,0,0,0,0,0,0,0,0,0,0,0,0,0,0,0,0,0
398,33,9,30,4478777,1879851,996,0,14808738,0,0,0,33.80426,125550,112050,52785,7577,3998,839,4887,535,0,0,0,0,0,0,0,0,0,-1,92562.153,-1,0,0,0,0,0,0,0,0,0,0,0,0,0,0,0,0,0,0,0,0,0,0,0,0,0
401,-33,12,30,4476749,1878246,996,0,14880530,0,0,0,33.896841,149790,131310,67885,8967,8272,1549,6114,343,0,0,0,0,0,0,0,0,0,-1,92603.591,-1,0,0,0,0,0,0,0,0,0,0,0,0,0,0,0,0,0,0,0,0,0,0,0,0,0
402,-30,12,30,4467371,1873118,1007,0,14873296,0,0,0,33.913714,149700,131160,67822,9043,7965,1481,6086,331,0,0,0,0,0,0,0,0,0,-1,92638.753,-1,0,0,0,0,0,0,0,0,0,0,0,0,0,0,0,0,0,0,0,0,0,0,0,0,0
403,-27,12,30,4451099,1869973,970,0,14890706,0,0,0,33.94244,150360,131730,69139,9044,7764,1507,6051,291,0,0,0,0,0,0,0,0,0,-1,92673.973,-1,0,0,0,0,0,0,0,0,0,0,0,0,0,0,0,0,0,0,0,0,0,0,0,0,0
404,-24,12,30,4440507,1853027,1003,0,14913215,0,0,0,33.949715,149490,130770,68062,9094,7603,1409,6103,289,0,0,0,0,0,0,0,0,0,-1,92709.173,-1,0,0,0,0,0,0,0,0,0,0,0,0,0,0,0,0,0,0,0,0,0,0,0,0,0
405,-21,12,30,4483203,1885151,913,0,0,0,0,0,33.964987,150780,131610,70116,9166,7534,1392,6115,321,0,0,0,0,0,0,0,0,0,-1,92744.406,-1,0,0,0,0,0,0,0,0,0,0,0,0,0,0,0,0,0,0,0,0,0,0,0,0,0
406,-18,12,30,4461314,1867146,1098,0,0,0,0,0,34.151953,148620,129660,69137,9292,7307,1345,6270,336,0,0,0,0,0,0,0,0,0,-1,92779.832,-1,0,0,0,0,0,0,0,0,0,0,0,0,0,0,0,0,0,0,0,0,0,0,0,0,0
407,-15,12,30,4467108,1931142,906,0,1327834,0,0,0,33.904296,157110,137010,71786,9400,7154,1352,6384,406,0,0,0,0,0,0,0,0,0,-1,92815.034,-1,0,0,0,0,0,0,0,0,0,0,0,0,0,0,0,0,0,0,0,0,0,0,0,0,0
408,-12,12,30,4464684,1930782,908,0,0,0,0,0,33.939342,157800,137580,71796,9455,6992,1382,6395,357,0,0,0,0,0,0,0,0,0,-1,92850.219,-1,0,0,0,0,0,0,0,0,0,0,0,0,0,0,0,0,0,0,0,0,0,0,0,0,0
409,-9,12,30,4463664,1923793,1015,0,0,0,0,0,33.953362,154350,134640,71420,9674,6852,1288,6267,341,0,0,0,0,0,0,0,0,0,-1,92885.427,-1,0,0,0,0,0,0,0,0,0,0,0,0,0,0,0,0,0,0,0,0,0,0,0,0,0
410,-6,12,30,4437839,1852193,847,0,0,0,0,0,33.909183,151530,132300,69723,9347,6285,1257,6201,384,0,0,0,0,0,0,0,0,0,-1,92920.553,-1,0,0,0,0,0,0,0,0,0,0,0,0,0,0,0,0,0,0,0,0,0,0,0,0,0
411,-3,12,30,4435733,1820288,1090,0,14959689,0,0,0,33.983731,145680,127380,67905,9238,5885,1164,6084,346,0,0,0,0,0,0,0,0,0,-1,92955.741,-1,0,0,0,0,0,0,0,0,0,0,0,0,0,0,0,0,0,0,0,0,0,0,0,0,0
412,0,12,30,4422541,1819583,877,0,14935689,0,0,0,33.89072,146790,128670,67515,8946,5725,1160,5859,367,0,0,0,0,0,0,0,0,0,-1,92990.871,-1,0,0,0,0,0,0,0,0,0,0,0,0,0,0,0,0,0,0,0,0,0,0,0,0,0
413,3,12,30,4451865,1885502,955,0,14941517,0,0,0,33.878453,152070,132810,69467,9421,5831,1128,6019,408,0,0,0,0,0,0,0,0,0,-1,93025.975,-1,0,0,0,0,0,0,0,0,0,0,0,0,0,0,0,0,0,0,0,0,0,0,0,0,0
414,6,12,30,4478507,1939376,962,0,14934581,0,0,0,33.985868,152970,133620,70783,9331,5740,1116,6283,440,0,0,0,0,0,0,0,0,0,-1,93061.268,-1,0,0,0,0,0,0,0,0,0,0,0,0,0,0,0,0,0,0,0,0,0,0,0,0,0
415,9,12,30,4477698,1935025,928,0,14909261,0,0,0,33.901963,153240,134040,69545,9334,5497,1118,6132,463,0,0,0,0,0,0,0,0,0,-1,93096.44,-1,0,0,0,0,0,0,0,0,0,0,0,0,0,0,0,0,0,0,0,0,0,0,0,0,0
416,12,12,30,4476747,1961908,987,0,14903221,0,0,0,33.885866,153900,134490,69145,9372,5288,1089,6080,478,0,0,0,0,0,0,0,0,0,-1,93131.536,-1,0,0,0,0,0,0,0,0,0,0,0,0,0,0,0,0,0,0,0,0,0,0,0,0,0
417,15,12,30,4471460,1935888,988,0,14893413,0,0,0,33.904262,150360,132060,67553,9448,5102,1003,6089,484,0,0,0,0,0,0,0,0,0,-1,93166.68,-1,0,0,0,0,0,0,0,0,0,0,0,0,0,0,0,0,0,0,0,0,0,0,0,0,0
418,18,12,30,4459279,1906304,990,0,14899678,0,0,0,33.908037,146220,128520,65560,8868,4756,1017,5835,506,0,0,0,0,0,0,0,0,0,-1,93201.855,-1,0,0,0,0,0,0,0,0,0,0,0,0,0,0,0,0,0,0,0,0,0,0,0,0,0
419,21,12,30,4447478,1902992,749,0,14891048,0,0,0,33.988239,141510,124770,63720,8911,4558,933,5761,510,0,0,0,0,0,0,0,0,0,-1,93237.052,-1,0,0,0,0,0,0,0,0,0,0,0,0,0,0,0,0,0,0,0,0,0,0,0,0,0
420,24,12,30,4441893,1885858,487,0,14872045,0,0,0,33.829439,140070,123780,62274,8864,4450,934,5751,483,0,0,0,0,0,0,0,0,0,-1,93272.155,-1,0,0,0,0,0,0,0,0,0,0,0,0,0,0,0,0,0,0,0,0,0,0,0,0,0
421,27,12,30,4446250,1873506,859,0,14862989,0,0,0,34.06513,134820,119340,60910,8464,4082,836,5531,541,0,0,0,0,0,0,0,0,0,-1,93307.494,-1,0,0,0,0,0,0,0,0,0,0,0,0,0,0,0,0,0,0,0,0,0,0,0,0,0
422,30,12,30,4499543,1910261,899,0,14832393,0,0,0,34.018874,135270,119940,60741,8449,3973,806,5516,537,0,0,0,0,0,0,0,0,0,-1,93342.748,-1,0,0,0,0,0,0,0,0,0,0,0,0,0,0,0,0,0,0,0,0,0,0,0,0,0
423,33,12,30,4489611,1911682,908,0,14792507,0,0,0,33.92736,135060,120030,58928,8319,3897,811,5428,564,0,0,0,0,0,0,0,0,0,-1,93377.917,-1,0,0,0,0,0,0,0,0,0,0,0,0,0,0,0,0,0,0,0,0,0,0,0,0,0
427,-30,15,30,4462435,1898885,852,0,14855850,0,0,0,33.917868,162030,140640,75662,10038,7492,1359,6686,436,0,0,0,0,0,0,0,0,0,-1,93419.088,-1,0,0,0,0,0,0,0,0,0,0,0,0,0,0,0,0,0,0,0,0,0,0,0,0,0
428,-27,15,30,4450269,1900312,849,0,14872382,0,0,0,33.954988,159030,138120,75696,9904,7468,1418,6612,297,0,0,0,0,0,0,0,0,0,-1,93454.292,-1,0,0,0,0,0,0,0,0,0,0,0,0,0,0,0,0,0,0,0,0,0,0,0,0,0
429,-24,15,30,4439290,1899975,889,0,14897034,0,0,0,33.943952,159570,138780,76301,9923,7250,1409,6725,272,0,0,0,0,0,0,0,0,0,-1,93489.497,-1,0,0,0,0,0,0,0,0,0,0,0,0,0,0,0,0,0,0,0,0,0,0,0,0,0
430,-21,15,30,4438922,1886500,748,0,0,0,0,0,33.93667,162180,140850,76106,9836,7038,1371,6661,332,0,0,0,0,0,0,0,0,0,-1,93524.63,-1,0,0,0,0,0,0,0,0,0,0,0,0,0,0,0,0,0,0,0,0,0,0,0,0,0
431,-18,15,30,4437688,1891739,924,0,4588352,0,0,0,33.907098,162720,141480,76513,10147,6922,1286,6714,298,0,0,0,0,0,0,0,0,0,-1,93559.79,-1,0,0,0,0,0,0,0,0,0,0,0,0,0,0,0,0,0,0,0,0,0,0,0,0,0
432,-15,15,30,4437639,1875572,868,0,5664,0,0,0,33.891223,160890,139680,75465,10094,6388,1284,6932,297,0,0,0,0,0,0,0,0,0,-1,93594.935,-1,0,0,0,0,0,0,0,0,0,0,0,0,0,0,0,0,0,0,0,0,0,0,0,0,0
433,-12,15,30,4477352,1896110,853,0,0,0,0,0,33.89361,163890,142170,77290,10247,6389,1262,6888,355,0,0,0,0,0,0,0,0,0,-1,93630.051,-1,0,0,0,0,0,0,0,0,0,0,0,0,0,0,0,0,0,0,0,0,0,0,0,0,0
434,-9,15,30,4487017,1905859,863,0,0,0,0,0,33.968444,162510,140850,77952,10473,6332,1250,7051,346,0,0,0,0,0,0,0,0,0,-1,93665.328,-1,0,0,0,0,0,0,0,0,0,0,0,0,0,0,0,0,0,0,0,0,0,0,0,0,0
435,-6,15,30,4471739,1907534,855,0,0,0,0,0,33.965,163710,141570,78602,10238,6142,1208,6762,418,0,0,0,0,0,0,0,0,0,-1,93700.568,-1,0,0,0,0,0,0,0,0,0,0,0,0,0,0,0,0,0,0,0,0,0,0,0,0,0
436,-3,15,30,4453764,1852341,959,0,14434,0,0,0,33.921229,159810,138420,75050,10089,5663,1160,6674,346,0,0,0,0,0,0,0,0,0,-1,93735.699,-1,0,0,0,0,0,0,0,0,0,0,0,0,0,0,0,0,0,0,0,0,0,0,0,0,0
437,0,15,30,4427524,1766299,573,0,0,0,0,0,33.907496,151800,131880,71735,9534,5348,998,6342,362,0,0,0,0,0,0,0,0,0,-1,93770.871,-1,0,0,0,0,0,0,0,0,0,0,0,0,0,0,0,0,0,0,0,0,0,0,0,0,0
438,3,15,30,4406025,1677502,523,0,0,0,0,0,33.900653,143910,125370,67762,9159,4917,999,6023,353,0,0,0,0,0,0,0,0,0,-1,93806.051,-1,0,0,0,0,0,0,0,0,0,0,0,0,0,0,0,0,0,0,0,0,0,0,0,0,0
439,6,15,30,4397409,1682647,530,0,67533,0,0,0,33.940535,143970,125520,67850,9372,4792,969,6128,360,0,0,0,0,0,0,0,0,0,-1,93841.249,-1,0,0,0,0,0,0,0,0,0,0,0,0,0,0,0,0,0,0,0,0,0,0,0,0,0
440,9,15,30,4373177,1629083,602,0,14880598,0,0,0,33.920121,137850,120060,64829,8769,4438,878,5724,341,0,0,0,0,0,0,0,0,0,-1,93876.424,-1,0,0,0,0,0,0,0,0,0,0,0,0,0,0,0,0,0,0,0,0,0,0,0,0,0
441,12,15,30,4406943,1820987,559,0,14874049,0,0,0,33.879705,151800,132240,70060,9648,4722,918,6361,433,0,0,0,0,0,0,0,0,0,-1,93911.549,-1,0,0,0,0,0,0,0,0,0,0,0,0,0,0,0,0,0,0,0,0,0,0,0,0,0
442,15,15,30,4435017,1754853,810,0,14877736,0,0,0,33.914415,143460,125790,67595,9177,4353,872,6103,418,0,0,0,0,0,0,0,0,0,-1,93946.703,-1,0,0,0,0,0,0,0,0,0,0,0,0,0,0,0,0,0,0,0,0,0,0,0,0,0
443,18,15,30,4441575,1806148,1028,0,14868615,0,0,0,33.876391,144960,127080,67278,9190,4309,888,6125,439,0,0,0,0,0,0,0,0,0,-1,93981.859,-1,0,0,0,0,0,0,0,0,0,0,0,0,0,0,0,0,0,0,0,0,0,0,0,0,0
444,21,15,30,4400412,1656363,922,0,14856438,0,0,0,33.919362,131130,115410,61330,8175,3813,781,5351,431,0,0,0,0,0,0,0,0,0,-1,94017.052,-1,0,0,0,0,0,0,0,0,0,0,0,0,0,0,0,0,0,0,0,0,0,0,0,0,0
445,24,15,30,4408589,1708364,917,0,14816497,0,0,0,33.945146,133080,116970,62283,8435,3851,799,5507,402,0,0,0,0,0,0,0,0,0,-1,94052.241,-1,0,0,0,0,0,0,0,0,0,0,0,0,0,0,0,0,0,0,0,0,0,0,0,0,0
446,27,15,30,4413812,1755124,935,0,14789433,0,0,0,33.91727,137940,121320,63586,8726,3782,771,5736,493,0,0,0,0,0,0,0,0,0,-1,94087.421,-1,0,0,0,0,0,0,0,0,0,0,0,0,0,0,0,0,0,0,0,0,0,0,0,0,0
447,30,15,30,4397157,1701300,851,0,14754046,0,0,0,33.975985,131070,115620,61059,8498,3528,771,5519,497,0,0,0,0,0,0,0,0,0,-1,94122.629,-1,0,0,0,0,0,0,0,0,0,0,0,0,0,0,0,0,0,0,0,0,0,0,0,0,0
452,-30,18,30,4425194,1812761,900,0,14803325,0,0,0,34.06422,163260,140790,80023,10539,6890,1327,7099,411,0,0,0,0,0,0,0,0,0,-1,94163.603,-1,0,0,0,0,0,0,0,0,0,0,0,0,0,0,0,0,0,0,0,0,0,0,0,0,0
453,-27,18,30,4411793,1800387,971,0,14830309,0,0,0,33.896681,163950,141720,78708,10211,6522,1262,7002,289,0,0,0,0,0,0,0,0,0,-1,94198.746,-1,0,0,0,0,0,0,0,0,0,0,0,0,0,0,0,0,0,0,0,0,0,0,0,0,0
454,-24,18,30,4417335,1696992,887,0,14847258,0,0,0,34.065714,152820,131940,75084,9801,6034,1232,6723,261,0,0,0,0,0,0,0,0,0,-1,94234.058,-1,0,0,0,0,0,0,0,0,0,0,0,0,0,0,0,0,0,0,0,0,0,0,0,0,0
455,-21,18,30,4430140,1809089,1043,0,23113,0,0,0,33.986088,163500,140490,80354,10512,6285,1211,6977,291,0,0,0,0,0,0,0,0,0,-1,94269.294,-1,0,0,0,0,0,0,0,0,0,0,0,0,0,0,0,0,0,0,0,0,0,0,0,0,0
456,-18,18,30,4415449,1700097,803,0,14877488,0,0,0,33.979025,154230,133230,76254,9807,5780,1134,6717,265,0,0,0,0,0,0,0,0,0,-1,94304.541,-1,0,0,0,0,0,0,0,0,0,0,0,0,0,0,0,0,0,0,0,0,0,0,0,0,0
457,-15,18,30,4437374,1818491,853,0,0,0,0,0,33.90648,167970,144510,81249,10842,5989,1179,7318,315,0,0,0,0,0,0,0,0,0,-1,94339.682,-1,0,0,0,0,0,0,0,0,0,0,0,0,0,0,0,0,0,0,0,0,0,0,0,0,0
458,-12,18,30,4426236,1798121,944,0,0,0,0,0,33.922863,166470,143430,80817,10554,5644,1142,7231,321,0,0,0,0,0,0,0,0,0,-1,94374.86,-1,0,0,0,0,0,0,0,0,0,0,0,0,0,0,0,0,0,0,0,0,0,0,0,0,0
459,-9,18,30,4398696,1720499,987,0,0,0,0,0,33.986548,156330,135060,77196,10244,5325,1041,6797,325,0,0,0,0,0,0,0,0,0,-1,94410.112,-1,0,0,0,0,0,0,0,0,0,0,0,0,0,0,0,0,0,0,0,0,0,0,0,0,0
460,-6,18,30,4401932,1776867,741,0,0,0,0,0,33.964963,161610,139470,79841,10422,5423,1058,6970,342,0,0,0,0,0,0,0,0,0,-1,94445.31,-1,0,0,0,0,0,0,0,0,0,0,0,0,0,0,0,0,0,0,0,0,0,0,0,0,0
461,-3,18,30,4369632,1615663,836,0,0,0,0,0,34.245898,145560,125910,72585,9561,4706,946,6238,298,0,0,0,0,0,0,0,0,0,-1,94480.792,-1,0,0,0,0,0,0,0,0,0,0,0,0,0,0,0,0,0,0,0,0,0,0,0,0,0
462,0,18,30,4414375,1804085,824,0,0,0,0,0,33.954032,166620,143520,80535,10698,5211,1039,7176,375,0,0,0,0,0,0,0,0,0,-1,94516.003,-1,0,0,0,0,0,0,0,0,0,0,0,0,0,0,0,0,0,0,0,0,0,0,0,0,0
463,3,18,30,4389105,1603727,963,0,0,0,0,0,33.917998,147870,127530,71566,9648,4349,914,6403,306,0,0,0,0,0,0,0,0,0,-1,94551.163,-1,0,0,0,0,0,0,0,0,0,0,0,0,0,0,0,0,0,0,0,0,0,0,0,0,0
464,6,18,30,4426314,1763912,1081,0,0,0,0,0,33.906619,160320,138180,77246,10278,4644,907,6799,342,0,0,0,0,0,0,0,0,0,-1,94586.331,-1,0,0,0,0,0,0,0,0,0,0,0,0,0,0,0,0,0,0,0,0,0,0,0,0,0
465,9,18,30,4453212,1895163,937,0,0,0,0,0,34.18894,167220,144150,81774,11033,4845,982,7335,433,0,0,0,0,0,0,0,0,0,-1,94621.788,-1,0,0,0,0,0,0,0,0,0,0,0,0,0,0,0,0,0,0,0,0,0,0,0,0,0
466,12,18,30,4450354,1857393,915,0,0,0,0,0,34.054367,162630,141000,79284,10771,4585,881,7132,427,0,0,0,0,0,0,0,0,0,-1,94657.116,-1,0,0,0,0,0,0,0,0,0,0,0,0,0,0,0,0,0,0,0,0,0,0,0,0,0
467,15,18,30,4444864,1845034,1081,0,14712502,0,0,0,33.794839,161280,140160,77229,10374,4426,887,6873,407,0,0,0,0,0,0,0,0,0,-1,94692.174,-1,0,0,0,0,0,0,0,0,0,0,0,0,0,0,0,0,0,0,0,0,0,0,0,0,0
468,18,18,30,4438591,1834407,886,0,14803382,0,0,0,34.109215,156210,135990,76273,10138,4202,846,6656,418,0,0,0,0,0,0,0,0,0,-1,94727.552,-1,0,0,0,0,0,0,0,0,0,0,0,0,0,0,0,0,0,0,0,0,0,0,0,0,0
469,21,18,30,4436179,1830768,893,0,12478938,0,0,0,34.062229,153900,133980,74433,9962,4098,841,6459,454,0,0,0,0,0,0,0,0,0,-1,94762.888,-1,0,0,0,0,0,0,0,0,0,0,0,0,0,0,0,0,0,0,0,0,0,0,0,0,0
470,24,18,30,4414075,1782459,880,0,14737298,0,0,0,33.905531,149670,130980,71149,9667,3928,847,6304,449,0,0,0,0,0,0,0,0,0,-1,94798.033,-1,0,0,0,0,0,0,0,0,0,0,0,0,0,0,0,0,0,0,0,0,0,0,0,0,0
471,27,18,30,4424237,1736456,914,0,14686418,0,0,0,33.891422,145500,127200,68959,9418,3636,761,6232,473,0,0,0,0,0,0,0,0,0,-1,94833.176,-1,0,0,0,0,0,0,0,0,0,0,0,0,0,0,0,0,0,0,0,0,0,0,0,0,0
472,30,18,30,4402776,1691443,1041,0,14627571,0,0,0,33.937467,140220,122850,67077,9197,3255,699,5874,409,0,0,0,0,0,0,0,0,0,-1,94868.369,-1,0,0,0,0,0,0,0,0,0,0,0,0,0,0,0,0,0,0,0,0,0,0,0,0,0
478,-27,21,30,4402247,1705117,951,0,14790242,0,0,0,33.965795,163410,140400,82127,10903,5870,1170,7253,271,0,0,0,0,0,0,0,0,0,-1,94908.914,-1,0,0,0,0,0,0,0,0,0,0,0,0,0,0,0,0,0,0,0,0,0,0,0,0,0
479,-24,21,30,4402505,1640800,841,0,14790954,0,0,0,34.089181,156840,135000,79421,10383,5525,1088,6952,248,0,0,0,0,0,0,0,0,0,-1,94944.266,-1,0,0,0,0,0,0,0,0,0,0,0,0,0,0,0,0,0,0,0,0,0,0,0,0,0
480,-21,21,30,4410972,1724728,1089,0,14806171,0,0,0,33.965544,164610,141660,83099,10619,5502,1119,7033,275,0,0,0,0,0,0,0,0,0,-1,94979.476,-1,0,0,0,0,0,0,0,0,0,0,0,0,0,0,0,0,0,0,0,0,0,0,0,0,0
481,-18,21,30,4395883,1685327,947,0,10579582,0,0,0,33.897434,166170,142650,82439,10679,5420,1064,7292,312,0,0,0,0,0,0,0,0,0,-1,95014.616,-1,0,0,0,0,0,0,0,0,0,0,0,0,0,0,0,0,0,0,0,0,0,0,0,0,0
482,-15,21,30,4390781,1702729,930,0,0,0,0,0,33.919393,167400,143250,83229,10787,5285,1006,7277,227,0,0,0,0,0,0,0,0,0,-1,95049.82,-1,0,0,0,0,0,0,0,0,0,0,0,0,0,0,0,0,0,0,0,0,0,0,0,0,0
483,-12,21,30,4380323,1624636,914,0,0,0,0,0,33.921476,159450,137070,79287,10304,4966,1013,6867,260,0,0,0,0,0,0,0,0,0,-1,95085.015,-1,0,0,0,0,0,0,0,0,0,0,0,0,0,0,0,0,0,0,0,0,0,0,0,0,0
484,-9,21,30,4408506,1725370,961,0,0,0,0,0,33.903063,169770,145260,84189,11075,4999,1075,7286,309,0,0,0,0,0,0,0,0,0,-1,95120.178,-1,0,0,0,0,0,0,0,0,0,0,0,0,0,0,0,0,0,0,0,0,0,0,0,0,0
485,-6,21,30,4427155,1690408,996,0,0,0,0,0,33.935704,166020,141930,82381,10884,4778,1037,7259,265,0,0,0,0,0,0,0,0,0,-1,95155.363,-1,0,0,0,0,0,0,0,0,0,0,0,0,0,0,0,0,0,0,0,0,0,0,0,0,0
486,-3,21,30,4443413,1788468,951,0,0,0,0,0,33.914583,175410,150150,86827,11535,4994,998,7710,329,0,0,0,0,0,0,0,0,0,-1,95190.585,-1,0,0,0,0,0,0,0,0,0,0,0,0,0,0,0,0,0,0,0,0,0,0,0,0,0
487,0,21,30,4422289,1674540,966,0,0,0,0,0,33.986531,162180,139020,81594,10852,4484,865,7228,311,0,0,0,0,0,0,0,0,0,-1,95225.86,-1,0,0,0,0,0,0,0,0,0,0,0,0,0,0,0,0,0,0,0,0,0,0,0,0,0
488,3,21,30,4427183,1786134,949,0,0,0,0,0,33.864259,172890,148110,85569,11256,4585,954,7582,364,0,0,0,0,0,0,0,0,0,-1,95261.043,-1,0,0,0,0,0,0,0,0,0,0,0,0,0,0,0,0,0,0,0,0,0,0,0,0,0
489,6,21,30,4399053,1651930,975,0,0,0,0,0,33.969459,156900,134970,78998,10455,4176,871,6896,332,0,0,0,0,0,0,0,0,0,-1,95296.292,-1,0,0,0,0,0,0,0,0,0,0,0,0,0,0,0,0,0,0,0,0,0,0,0,0,0
490,9,21,30,4413595,1746218,953,0,0,0,0,0,33.891369,166350,143460,82161,11052,4266,861,7329,312,0,0,0,0,0,0,0,0,0,-1,95331.389,-1,0,0,0,0,0,0,0,0,0,0,0,0,0,0,0,0,0,0,0,0,0,0,0,0,0
491,12,21,30,4404632,1688167,926,0,0,0,0,0,33.913733,159390,137670,78686,10485,4029,892,7011,353,0,0,0,0,0,0,0,0,0,-1,95366.527,-1,0,0,0,0,0,0,0,0,0,0,0,0,0,0,0,0,0,0,0,0,0,0,0,0,0
492,15,21,30,4389803,1644570,964,0,0,0,0,0,33.895362,153000,132570,75441,10201,3627,780,6549,326,0,0,0,0,0,0,0,0,0,-1,95401.679,-1,0,0,0,0,0,0,0,0,0,0,0,0,0,0,0,0,0,0,0,0,0,0,0,0,0
493,18,21,30,4432794,1706583,951,0,0,0,0,0,33.902912,155250,134550,76524,10387,3622,810,6822,376,0,0,0,0,0,0,0,0,0,-1,95436.825,-1,0,0,0,0,0,0,0,0,0,0,0,0,0,0,0,0,0,0,0,0,0,0,0,0,0
494,21,21,30,4402977,1616918,931,0,0,0,0,0,33.905381,145800,126450,71728,9490,3353,749,6119,389,0,0,0,0,0,0,0,0,0,-1,95472.004,-1,0,0,0,0,0,0,0,0,0,0,0,0,0,0,0,0,0,0,0,0,0,0,0,0,0
495,24,21,30,4423297,1722847,933,0,0,0,0,0,33.834954,152400,132360,74288,10078,3417,782,6604,385,0,0,0,0,0,0,0,0,0,-1,95507.095,-1,0,0,0,0,0,0,0,0,0,0,0,0,0,0,0,0,0,0,0,0,0,0,0,0,0
496,27,21,30,4390974,1575429,943,0,0,0,0,0,33.821464,139560,121440,68233,9219,3135,651,6083,363,0,0,0,0,0,0,0,0,0,-1,95542.191,-1,0,0,0,0,0,0,0,0,0,0,0,0,0,0,0,0,0,0,0,0,0,0,0,0,0
504,-24,24,30,4421960,1688766,949,0,14739352,0,0,0,33.940401,175950,149760,89082,11454,5173,1039,7806,309,0,0,0,0,0,0,0,0,0,-1,95582.091,-1,0,0,0,0,0,0,0,0,0,0,0,0,0,0,0,0,0,0,0,0,0,0,0,0,0
505,-21,24,30,4428092,1774919,970,0,0,0,0,0,34.133127,180870,154380,93629,11841,5485,1085,8090,249,0,0,0,0,0,0,0,0,0,-1,95617.478,-1,0,0,0,0,0,0,0,0,0,0,0,0,0,0,0,0,0,0,0,0,0,0,0,0,0
506,-18,24,30,4417577,1775597,1001,0,0,0,0,0,33.92608,185550,157890,93927,12392,5259,1030,8337,286,0,0,0,0,0,0,0,0,0,-1,95652.638,-1,0,0,0,0,0,0,0,0,0,0,0,0,0,0,0,0,0,0,0,0,0,0,0,0,0
507,-15,24,30,4407980,1760771,1069,0,0,0,0,0,34.24735,180090,153300,93424,12189,5121,1048,8020,254,0,0,0,0,0,0,0,0,0,-1,95688.123,-1,0,0,0,0,0,0,0,0,0,0,0,0,0,0,0,0,0,0,0,0,0,0,0,0,0
508,-12,24,30,4431952,1772156,937,0,0,0,0,0,34.062492,182640,155760,94609,12362,4939,1047,8221,319,0,0,0,0,0,0,0,0,0,-1,95723.434,-1,0,0,0,0,0,0,0,0,0,0,0,0,0,0,0,0,0,0,0,0,0,0,0,0,0
509,-9,24,30,4452570,1796043,897,0,0,0,0,0,33.915015,189720,160860,95810,12335,4967,993,8224,317,0,0,0,0,0,0,0,0,0,-1,95758.574,-1,0,0,0,0,0,0,0,0,0,0,0,0,0,0,0,0,0,0,0,0,0,0,0,0,0
510,-6,24,30,4441776,1779572,790,0,0,0,0,0,33.914351,186420,158640,94218,12281,4655,996,8215,304,0,0,0,0,0,0,0,0,0,-1,95793.735,-1,0,0,0,0,0,0,0,0,0,0,0,0,0,0,0,0,0,0,0,0,0,0,0,0,0
511,-3,24,30,4438704,1787491,890,0,0,0,0,0,34.081277,183120,155880,94413,12276,4656,982,8239,318,0,0,0,0,0,0,0,0,0,-1,95829.06,-1,0,0,0,0,0,0,0,0,0,0,0,0,0,0,0,0,0,0,0,0,0,0,0,0,0
512,0,24,30,4432267,1789818,949,0,0,0,0,0,33.924581,185400,157770,93391,12382,4503,917,8405,350,0,0,0,0,0,0,0,0,0,-1,95864.23,-1,0,0,0,0,0,0,0,0,0,0,0,0,0,0,0,0,0,0,0,0,0,0,0,0,0
513,3,24,30,4419092,1842239,684,0,0,0,0,0,33.917503,188970,160530,94597,12464,4430,928,8176,336,0,0,0,0,0,0,0,0,0,-1,95899.395,-1,0,0,0,0,0,0,0,0,0,0,0,0,0,0,0,0,0,0,0,0,0,0,0,0,0
514,6,24,30,4404330,1821726,682,0,0,0,0,0,34.127317,182700,155340,93187,12462,4266,873,8141,336,0,0,0,0,0,0,0,0,0,-1,95934.755,-1,0,0,0,0,0,0,0,0,0,0,0,0,0,0,0,0,0,0,0,0,0,0,0,0,0
515,9,24,30,4402521,1825215,885,0,0,0,0,0,33.954352,184500,157140,92474,12300,4103,844,8200,353,0,0,0,0,0,0,0,0,0,-1,95969.965,-1,0,0,0,0,0,0,0,0,0,0,0,0,0,0,0,0,0,0,0,0,0,0,0,0,0
516,12,24,30,4404657,1817776,924,0,0,0,0,0,33.922334,181440,155040,91228,11890,3857,841,7785,351,0,0,0,0,0,0,0,0,0,-1,96005.118,-1,0,0,0,0,0,0,0,0,0,0,0,0,0,0,0,0,0,0,0,0,0,0,0,0,0
517,15,24,30,4452809,1858444,1262,0,0,0,0,0,33.982632,179550,153450,91301,12043,3958,875,7790,353,0,0,0,0,0,0,0,0,0,-1,96040.344,-1,0,0,0,0,0,0,0,0,0,0,0,0,0,0,0,0,0,0,0,0,0,0,0,0,0
518,18,24,30,4432120,1888459,978,0,0,0,0,0,33.921226,183810,156780,91308,12294,3877,885,7917,378,0,0,0,0,0,0,0,0,0,-1,96075.514,-1,0,0,0,0,0,0,0,0,0,0,0,0,0,0,0,0,0,0,0,0,0,0,0,0,0
519,21,24,30,4435188,1882510,978,0,0,0,0,0,33.971765,178530,152310,89930,11877,3711,840,7881,403,0,0,0,0,0,0,0,0,0,-1,96110.762,-1,0,0,0,0,0,0,0,0,0,0,0,0,0,0,0,0,0,0,0,0,0,0,0,0,0
520,24,24,30,4437487,1840556,705,0,0,0,0,0,33.920519,176670,151590,88154,12042,3581,810,7878,391,0,0,0,0,0,0,0,0,0,-1,96145.919,-1,0,0,0,0,0,0,0,0,0,0,0,0,0,0,0,0,0,0,0,0,0,0,0,0,0
530,-21,27,30,4428498,1823636,755,0,0,0,0,0,33.935012,205200,171600,104387,13297,5442,1060,9063,317,0,0,0,0,0,0,0,0,0,-1,96185.259,-1,0,0,0,0,0,0,0,0,0,0,0,0,0,0,0,0,0,0,0,0,0,0,0,0,0
531,-18,27,30,4420858,1818463,816,0,0,0,0,0,33.952723,203310,170580,104340,13356,5089,1067,8958,274,0,0,0,0,0,0,0,0,0,-1,96220.459,-1,0,0,0,0,0,0,0,0,0,0,0,0,0,0,0,0,0,0,0,0,0,0,0,0,0
532,-15,27,30,4410539,1807392,857,0,0,0,0,0,33.948986,200460,168210,102624,13307,4860,1002,8941,262,0,0,0,0,0,0,0,0,0,-1,96255.666,-1,0,0,0,0,0,0,0,0,0,0,0,0,0,0,0,0,0,0,0,0,0,0,0,0,0
533,-12,27,30,4407382,1793490,974,0,0,0,0,0,33.923367,200040,168150,102902,13273,4576,949,9017,288,0,0,0,0,0,0,0,0,0,-1,96290.834,-1,0,0,0,0,0,0,0,0,0,0,0,0,0,0,0,0,0,0,0,0,0,0,0,0,0
534,-9,27,30,4432945,1829534,922,0,0,0,0,0,33.945843,204450,170730,104047,13682,4585,987,9314,282,0,0,0,0,0,0,0,0,0,-1,96326.029,-1,0,0,0,0,0,0,0,0,0,0,0,0,0,0,0,0,0,0,0,0,0,0,0,0,0
535,-6,27,30,4457884,1836388,933,0,0,0,0,0,33.98051,199110,166830,103190,13605,4458,913,9135,277,0,0,0,0,0,0,0,0,0,-1,96361.27,-1,0,0,0,0,0,0,0,0,0,0,0,0,0,0,0,0,0,0,0,0,0,0,0,0,0
536,-3,27,30,4448933,1827555,1066,0,0,0,0,0,33.949278,200910,168780,102570,13181,4423,909,8905,292,0,0,0,0,0,0,0,0,0,-1,96396.431,-1,0,0,0,0,0,0,0,0,0,0,0,0,0,0,0,0,0,0,0,0,0,0,0,0,0
537,0,27,30,4441603,1821920,883,0,0,0,0,0,34.000988,195810,164790,101540,13319,4084,917,8965,299,0,0,0,0,0,0,0,0,0,-1,96431.666,-1,0,0,0,0,0,0,0,0,0,0,0,0,0,0,0,0,0,0,0,0,0,0,0,0,0
538,3,27,30,4426055,1806984,899,0,0,0,0,0,33.98563,193350,163290,100348,13114,4010,843,8748,307,0,0,0,0,0,0,0,0,0,-1,96466.884,-1,0,0,0,0,0,0,0,0,0,0,0,0,0,0,0,0,0,0,0,0,0,0,0,0,0
539,6,27,30,4425390,1798208,959,0,0,0,0,0,33.913737,192780,162990,98192,12790,3867,848,8649,318,0,0,0,0,0,0,0,0,0,-1,96502.031,-1,0,0,0,0,0,0,0,0,0,0,0,0,0,0,0,0,0,0,0,0,0,0,0,0,0
540,9,27,30,4419821,1811769,918,0,0,0,0,0,33.8293,191580,162180,97520,12825,3803,828,8581,339,0,0,0,0,0,0,0,0,0,-1,96537.108,-1,0,0,0,0,0,0,0,0,0,0,0,0,0,0,0,0,0,0,0,0,0,0,0,0,0
541,12,27,30,4409865,1791563,953,0,0,0,0,0,33.945223,188400,159630,96492,12433,3715,825,8332,328,0,0,0,0,0,0,0,0,0,-1,96572.306,-1,0,0,0,0,0,0,0,0,0,0,0,0,0,0,0,0,0,0,0,0,0,0,0,0,0
542,15,27,30,4399034,1785731,916,0,0,0,0,0,33.939386,186060,158370,94964,12706,3607,798,8406,313,0,0,0,0,0,0,0,0,0,-1,96607.458,-1,0,0,0,0,0,0,0,0,0,0,0,0,0,0,0,0,0,0,0,0,0,0,0,0,0
543,18,27,30,4441778,1833525,907,0,0,0,0,0,33.907241,190710,161760,97379,12802,3495,779,8417,364,0,0,0,0,0,0,0,0,0,-1,96642.589,-1,0,0,0,0,0,0,0,0,0,0,0,0,0,0,0,0,0,0,0,0,0,0,0,0,0
544,21,27,30,4431735,1839157,902,0,0,0,0,0,34.220409,186510,158070,97127,12725,3426,747,8429,363,0,0,0,0,0,0,0,0,0,-1,96678.058,-1,0,0,0,0,0,0,0,0,0,0,0,0,0,0,0,0,0,0,0,0,0,0,0,0,0
556,-18,30,30,4421324,1829166,952,0,14631536,0,0,0,34.014817,219150,180810,112239,14898,4869,1001,10112,1100,0,0,0,0,0,0,0,0,0,-1,96716.825,-1,0,0,0,0,0,0,0,0,0,0,0,0,0,0,0,0,0,0,0,0,0,0,0,0,0
557,-15,30,30,4408099,1820483,959,0,0,0,0,0,33.917282,216990,179940,112324,14610,4484,946,9785,303,0,0,0,0,0,0,0,0,0,-1,96751.984,-1,0,0,0,0,0,0,0,0,0,0,0,0,0,0,0,0,0,0,0,0,0,0,0,0,0
558,-12,30,30,4398555,1816613,883,0,0,0,0,0,33.982305,210900,175200,110467,14331,4438,956,9485,299,0,0,0,0,0,0,0,0,0,-1,96787.211,-1,0,0,0,0,0,0,0,0,0,0,0,0,0,0,0,0,0,0,0,0,0,0,0,0,0
559,-9,30,30,4390948,1824440,925,0,0,0,0,0,34.134341,208320,173430,110172,14158,4218,852,9632,266,0,0,0,0,0,0,0,0,0,-1,96822.615,-1,0,0,0,0,0,0,0,0,0,0,0,0,0,0,0,0,0,0,0,0,0,0,0,0,0
560,-6,30,30,4392476,1853193,741,0,0,0,0,0,33.918289,215310,178770,110962,14328,4135,950,9713,253,0,0,0,0,0,0,0,0,0,-1,96857.805,-1,0,0,0,0,0,0,0,0,0,0,0,0,0,0,0,0,0,0,0,0,0,0,0,0,0
561,-3,30,30,4403148,1816386,775,0,0,0,0,0,33.917893,210060,175050,108289,13914,3999,862,9533,282,0,0,0,0,0,0,0,0,0,-1,96892.994,-1,0,0,0,0,0,0,0,0,0,0,0,0,0,0,0,0,0,0,0,0,0,0,0,0,0
562,0,30,30,4425488,1815241,777,0,0,0,0,0,33.98055,205830,171750,108202,14064,3823,892,9283,295,0,0,0,0,0,0,0,0,0,-1,96928.234,-1,0,0,0,0,0,0,0,0,0,0,0,0,0,0,0,0,0,0,0,0,0,0,0,0,0
563,3,30,30,4441722,1824376,1019,0,0,0,0,0,34.000159,205620,171750,107859,13942,3911,828,9366,305,0,0,0,0,0,0,0,0,0,-1,96963.472,-1,0,0,0,0,0,0,0,0,0,0,0,0,0,0,0,0,0,0,0,0,0,0,0,0,0
564,6,30,30,4437383,1821262,919,0,0,0,0,0,34.018802,201600,168960,106198,13639,3656,817,9065,313,0,0,0,0,0,0,0,0,0,-1,96998.76,-1,0,0,0,0,0,0,0,0,0,0,0,0,0,0,0,0,0,0,0,0,0,0,0,0,0
565,9,30,30,4426285,1815772,918,0,0,0,0,0,34.002396,200310,167550,105180,13806,3509,755,9055,317,0,0,0,0,0,0,0,0,0,-1,97034.049,-1,0,0,0,0,0,0,0,0,0,0,0,0,0,0,0,0,0,0,0,0,0,0,0,0,0
566,12,30,30,4410328,1807319,912,0,0,0,0,0,33.934212,202500,169830,104783,13785,3564,744,9245,349,0,0,0,0,0,0,0,0,0,-1,97069.197,-1,0,0,0,0,0,0,0,0,0,0,0,0,0,0,0,0,0,0,0,0,0,0,0,0,0
567,15,30,30,4400308,1799915,868,0,0,0,0,0,33.984597,198150,166530,104103,13558,3364,747,9079,340,0,0,0,0,0,0,0,0,0,-1,97104.44,-1,0,0,0,0,0,0,0,0,0,0,0,0,0,0,0,0,0,0,0,0,0,0,0,0,0
568,18,30,30,4402908,1796427,1038,0,0,0,0,0,33.907266,198660,167130,102822,13491,3352,760,8905,333,0,0,0,0,0,0,0,0,0,-1,97139.618,-1,0,0,0,0,0,0,0,0,0,0,0,0,0,0,0,0,0,0,0,0,0,0,0,0,0
583,-12,33,30,4402156,1800104,819,0,0,0,0,0,33.9135,231450,189480,118549,15538,3997,938,10312,1126,0,0,0,0,0,0,0,0,0,-1,97177.388,-1,0,0,0,0,0,0,0,0,0,0,0,0,0,0,0,0,0,0,0,0,0,0,0,0,0
584,-9,33,30,4397971,1814161,853,0,0,0,0,0,33.973797,224850,184500,118982,15296,3957,897,10246,333,0,0,0,0,0,0,0,0,0,-1,97212.599,-1,0,0,0,0,0,0,0,0,0,0,0,0,0,0,0,0,0,0,0,0,0,0,0,0,0
585,-6,33,30,4434493,1868403,803,0,0,0,0,0,34.012317,227580,186630,120389,15469,3919,850,10316,296,0,0,0,0,0,0,0,0,0,-1,97247.854,-1,0,0,0,0,0,0,0,0,0,0,0,0,0,0,0,0,0,0,0,0,0,0,0,0,0
586,-3,33,30,4427393,1829098,811,0,0,0,0,0,33.978134,222060,182970,117762,15073,3732,880,10106,286,0,0,0,0,0,0,0,0,0,-1,97283.108,-1,0,0,0,0,0,0,0,0,0,0,0,0,0,0,0,0,0,0,0,0,0,0,0,0,0
587,0,33,30,4410491,1814981,822,0,0,0,0,0,33.924281,219600,181500,114926,14760,3545,794,9837,268,0,0,0,0,0,0,0,0,0,-1,97318.234,-1,0,0,0,0,0,0,0,0,0,0,0,0,0,0,0,0,0,0,0,0,0,0,0,0,0
588,3,33,30,4399676,1799109,866,0,0,0,0,0,33.983181,213360,176910,113351,14675,3441,795,9858,280,0,0,0,0,0,0,0,0,0,-1,97353.435,-1,0,0,0,0,0,0,0,0,0,0,0,0,0,0,0,0,0,0,0,0,0,0,0,0,0
589,6,33,30,4396353,1782660,513,0,0,0,0,0,33.974161,211860,176040,112957,14472,3323,816,9663,277,0,0,0,0,0,0,0,0,0,-1,97388.66,-1,0,0,0,0,0,0,0,0,0,0,0,0,0,0,0,0,0,0,0,0,0,0,0,0,0
590,9,33,30,4395842,1780070,687,0,0,0,0,0,34.076065,210660,175020,112641,14416,3320,765,9674,259,0,0,0,0,0,0,0,0,0,-1,97423.972,-1,0,0,0,0,0,0,0,0,0,0,0,0,0,0,0,0,0,0,0,0,0,0,0,0,0
591,12,33,30,4393873,1772254,823,0,0,0,0,0,33.913712,212460,176520,110920,14417,3257,711,9545,416,0,0,0,0,0,0,0,0,0,-1,97459.148,-1,0,0,0,0,0,0,0,0,0,0,0,0,0,0,0,0,0,0,0,0,0,0,0,0,0
612,0,36,30,4390803,1781302,788,0,0,0,0,0,33.933318,240270,195330,119519,16109,3191,890,10696,2510,0,0,0,0,0,0,0,0,0,-1,97495.068,-1,0,0,0,0,0,0,0,0,0,0,0,0,0,0,0,0,0,0,0,0,0,0,0,0,0
